code,name,mapped_code,mapped_name,is_recommendation_anchor
A049,상세불명의 세균성 장감염,A049,세균성 장염,true
A058,기타 명시된 세균성 식중독,A058,식중독,true
A083,기타 바이러스장염,A083,바이러스장염,true
A0830,사포바이러스 위장염,A083,바이러스장염,false
A0831,아스트로바이러스 위장염,A083,바이러스장염,false
A0838,기타 바이러스장염,A083,바이러스장염,false
A090,감염성 기원의 기타 및 상세불명의 위장염 및 결장염,A090,감염성 (신생아의) 설사 NOS,true
A368,기타 디프테리아,A368,디프테리아,true
A37,백일해,A37,백일해,true
A370,보르데텔라 페르투시스에 의한 백일해,A37,백일해,false
A371,보르데텔라 파라페르투시스에 의한 백일해,A37,백일해,false
A378,기타 보르데텔라균에 의한 백일해,A37,백일해,false
A379,상세불명의 백일해,A37,백일해,false
A38,성홍열,A38,성홍열,true
A4152,비브리오균에 의한 패혈증,A4152,비브리오균에 의한 패혈증,true
A64,상세불명의 성매개질환,A64,상세불명의 성매개질환,true
A692,라임병,A692,라임병,true
A830,일본뇌염,A830,일본뇌염,true
A9380,중증열성혈소판감소증후군 [SFTS],A9380,중증열성혈소판감소증후군,true
A99,상세불명의 바이러스출혈열,A99,바이러스성출혈열,true
B002,헤르페스바이러스 치은구내염 및 인두편도염,B002,인두편도염,true
B084,발진을 동반한 엔테로바이러스소수포구내염,B084,수족구병,true
B15,급성 A형간염,B15,급성 A형간염,true
B150,간성 혼수가 있는 A형간염,B15,급성 A형간염,false
B159,간성 혼수가 없는 A형간염,B15,급성 A형간염,false
B16,급성 B형간염,B16,급성 B형간염,true
B160,간성 혼수가 있는 델타-병원체(동시감염)를 가진 급성 B형간염,B16,급성 B형간염,false
B161,간성 혼수가 없는 델타-병원체(동시감염)를 가진 급성 B형간염,B16,급성 B형간염,false
B162,간성 혼수가 있고 델타-병원체가 없는 급성 B형간염,B16,급성 B형간염,false
B169,간성 혼수가 없고 델타-병원체도 없는 급성 B형간염,B16,급성 B형간염,false
B171,급성 C형간염,B171,급성 C형간염,true
B24,상세불명의 사람면역결핍바이러스병,B24,사람면역결핍바이러스,true
B353,발백선,B353,무좀,true
B54,상세불명의 말라리아,B54,말라리아,true
B540,"상세불명의 말라리아, 재발성으로 명시되어 있지 않은",B54,말라리아,false
B541,"상세불명의 말라리아, 재발성",B54,말라리아,false
B55,리슈만편모충증,B55,리슈만편모충증,true
B550,내장리슈만편모충증,B55,리슈만편모충증,false
B551,피부리슈만편모충증,B55,리슈만편모충증,false
B552,점막피부리슈만편모충증,B55,리슈만편모충증,false
B559,상세불명의 리슈만편모충증,B55,리슈만편모충증,false
B653,세르카리아피부염,B653,가려움증,true
B661,간흡충증,B661,간흡충증,true
B748,기타 사상충증,B748,사상충증,true
B80,요충증,B80,요충증,true
D489,상세불명의 행동양식 불명 또는 미상의 신생물,D489,성장,true
D649,상세불명의 빈혈,D649,상세불명의 빈혈,true
E03,기타 갑상선기능저하증,E03,갑상선기능저하증,true
E030,미만성 고이터를 동반한 선천성 갑상선기능저하증,E03,갑상선기능저하증,false
E031,고이터를 동반하지 않은 선천성 갑상선기능저하증,E03,갑상선기능저하증,false
E032,의약품 및 기타 외인성 물질에 의한 갑상선기능저하증,E03,갑상선기능저하증,false
E033,감염후 갑상선기능저하증,E03,갑상선기능저하증,false
E034,갑상선의 위축(후천성),E03,갑상선기능저하증,false
E035,점액부종혼수,E03,갑상선기능저하증,false
E038,기타 명시된 갑상선기능저하증,E03,갑상선기능저하증,false
E039,상세불명의 갑상선기능저하증,E03,갑상선기능저하증,false
E059,상세불명의 갑상선독증,E059,갑상선기능항진증,true
E06,갑상선염,E06,갑상선염,true
E060,급성 갑상선염,E06,갑상선염,false
E061,아급성 갑상선염,E06,갑상선염,false
E062,일과성 갑상선독증을 동반한 만성 갑상선염,E06,갑상선염,false
E063,자가면역성 갑상선염,E06,갑상선염,false
E064,약물유발 갑상선염,E06,갑상선염,false
E065,기타 만성 갑상선염,E06,갑상선염,false
E069,상세불명의 갑상선염,E06,갑상선염,false
E10,1형 당뇨병,E14,당뇨병,false
E100,혼수를 동반한 1형 당뇨병,E14,당뇨병,false
E1000,고삼투압과 혼수를 동반한 1형 당뇨병,E14,당뇨병,false
E1001,혼수와 케토산증을 동반한 1형 당뇨병,E14,당뇨병,false
E1002,혼수와 젖산증을 동반한 1형 당뇨병,E14,당뇨병,false
E1003,혼수와 케토산증 및 젖산증을 동반한 1형 당뇨병,E14,당뇨병,false
E1008,기타 및 상세불명의 혼수를 동반한 1형 당뇨병,E14,당뇨병,false
E101,산증을 동반한 1형 당뇨병,E14,당뇨병,false
E1010,케토산증을 동반한 1형 당뇨병,E14,당뇨병,false
E1011,젖산증을 동반한 1형 당뇨병,E14,당뇨병,false
E1012,케토산증 및 젖산증을 동반한 1형 당뇨병,E14,당뇨병,false
E1018,기타 및 상세불명의 산증을 동반한 1형 당뇨병,E14,당뇨병,false
E102,신장합병증을 동반한 1형 당뇨병(N08.3*),E14,당뇨병,false
E1020,초기 당뇨병성 신장병증을 동반한 1형 당뇨병(N08.3*),E14,당뇨병,false
E1021,확정된 당뇨병성 신장병증을 동반한 1형 당뇨병(N08.3*),E14,당뇨병,false
E1022,말기신장병을 동반한 1형 당뇨병(N08.3*),E14,당뇨병,false
E1028,기타 및 상세불명의 신장합병증을 동반한 1형 당뇨병(N08.3*),E14,당뇨병,false
E103,눈합병증을 동반한 1형 당뇨병(H36.0*),E14,당뇨병,false
E1031,당뇨병성 비증식성 망막병증을 동반한 1형 당뇨병(H36.0*),E14,당뇨병,false
E1032,당뇨병성 증식성 망막병증을 동반한 1형 당뇨병(H36.0*),E14,당뇨병,false
E1033,기타 및 상세불명의 망막병증을 동반한 1형 당뇨병(H36.0*),E14,당뇨병,false
E1034,당뇨병성 백내장을 동반한 1형 당뇨병(H28.0*),E14,당뇨병,false
E1038,기타 및 상세불명의 눈 합병증을 동반한 1형 당뇨병,E14,당뇨병,false
E104,신경학적 합병증을 동반한 1형 당뇨병,E14,당뇨병,false
E1040,당뇨병성 단일신경병증을 동반한 1형 당뇨병,E14,당뇨병,false
E1041,당뇨병성 다발신경병증을 동반한 1형 당뇨병(G63.2*),E14,당뇨병,false
E1042,당뇨병성 자율신경병증을 동반한 1형 당뇨병(G99.0*),E14,당뇨병,false
E1048,기타 및 상세불명의 신경학적 합병증을 동반한 1형 당뇨병,E14,당뇨병,false
E105,말초순환계 합병증을 동반한 1형 당뇨병,E14,당뇨병,false
E1050,"당뇨병성 말초혈관병증을 동반한, 괴저를 동반하지 않는 1형 당뇨병(I79.2*)",E14,당뇨병,false
E1051,"당뇨병성 말초혈관병증을 동반한, 괴저를 동반한 1형 당뇨병(I79.2*)",E14,당뇨병,false
E1058,기타 및 상세불명의 말초순환계 합병증을 동반한 1형 당뇨병,E14,당뇨병,false
E106,기타 명시된 합병증을 동반한 1형 당뇨병,E14,당뇨병,false
E1060,근골격 및 결합조직의 합병증을 동반한 1형 당뇨병,E14,당뇨병,false
E1061,피부 및 피하 조직의 합병증을 동반한 1형 당뇨병,E14,당뇨병,false
E1062,구강 및 치주의 합병증을 동반한 1형 당뇨병,E14,당뇨병,false
E1063,저혈당을 동반한 1형 당뇨병,E14,당뇨병,false
E1064,혈당조절이 되지 않은 1형 당뇨병,E14,당뇨병,false
E1065,말초순환계가 아닌 순환계 합병증을 동반한 1형 당뇨병,E14,당뇨병,false
E1068,달리 분류되지 않은 기타 명시된 합병증을 동반한 1형 당뇨병,E14,당뇨병,false
E107,다발성 합병증을 동반한 1형 당뇨병,E14,당뇨병,false
E1070,당뇨병성 족부궤양을 동반한 1형 당뇨병,E14,당뇨병,false
E1071,당뇨병성 족부궤양 및 괴저를 동반한 1형 당뇨병,E14,당뇨병,false
E1072,기타 및 상세불명의 당뇨병성 족부합병증을 동반한 1형 당뇨병,E14,당뇨병,false
E1078,기타 다발성 합병증을 동반한 1형 당뇨병,E14,당뇨병,false
E108,상세불명의 합병증을 동반한 1형 당뇨병,E14,당뇨병,false
E109,합병증을 동반하지 않은 1형 당뇨병,E14,당뇨병,false
E11,2형 당뇨병,E14,당뇨병,false
E110,혼수를 동반한 2형 당뇨병,E14,당뇨병,false
E1100,고삼투압과 혼수를 동반한 2형 당뇨병,E14,당뇨병,false
E1101,혼수와 케토산증을 동반한 2형 당뇨병,E14,당뇨병,false
E1102,혼수와 젖산증을 동반한 2형 당뇨병,E14,당뇨병,false
E1103,혼수와 케토산증 및 젖산증을 동반한 2형 당뇨병,E14,당뇨병,false
E1108,기타 및 상세불명의 혼수를 동반한 2형 당뇨병,E14,당뇨병,false
E111,산증을 동반한 2형 당뇨병,E14,당뇨병,false
E1110,케토산증을 동반한 2형 당뇨병,E14,당뇨병,false
E1111,젖산증을 동반한 2형 당뇨병,E14,당뇨병,false
E1112,케토산증 및 젖산증을 동반한 2형 당뇨병,E14,당뇨병,false
E1118,기타 및 상세불명의 산증을 동반한 2형 당뇨병,E14,당뇨병,false
E112,신장합병증을 동반한 2형 당뇨병,E14,당뇨병,false
E1120,초기 당뇨병성 신장병증을 동반한 2형 당뇨병(N08.3*),E14,당뇨병,false
E1121,확정된 당뇨병성 신장병증을 동반한 2형 당뇨병(N08.3*),E14,당뇨병,false
E1122,말기신장병을 동반한 2형 당뇨병(N08.3*),E14,당뇨병,false
E1128,기타 및 상세불명의 신장합병증을 동반한 2형 당뇨병(N08.3*),E14,당뇨병,false
E113,눈합병증을 동반한 2형 당뇨병,E14,당뇨병,false
E1131,당뇨병성 비증식성 망막병증을 동반한 2형 당뇨병(H36.0*),E14,당뇨병,false
E1132,당뇨병성 증식성 망막병증을 동반한 2형 당뇨병(H36.0*),E14,당뇨병,false
E1133,기타 및 상세불명의 망막병증을 동반한 2형 당뇨병(H36.0*),E14,당뇨병,false
E1134,당뇨병성 백내장을 동반한 2형 당뇨병(H28.0*),E14,당뇨병,false
E1138,기타 및 상세불명의 눈합병증을 동반한 2형 당뇨병,E14,당뇨병,false
E114,신경학적 합병증을 동반한 2형 당뇨병,E14,당뇨병,false
E1140,당뇨병성 단일신경병증을 동반한 2형 당뇨병,E14,당뇨병,false
E1141,당뇨병성 다발신경병증을 동반한 2형 당뇨병(G63.2*),E14,당뇨병,false
E1142,당뇨병성 자율신경병증을 동반한 2형 당뇨병(G99.0*),E14,당뇨병,false
E1148,기타 및 상세불명의 신경학적 합병증을 동반한 2형 당뇨병,E14,당뇨병,false
E115,말초순환계 합병증을 동반한 2형 당뇨병,E14,당뇨병,false
E1150,"당뇨병성 말초혈관병증을 동반한, 괴저를 동반하지 않는 2형 당뇨병(I79.2*)",E14,당뇨병,false
E1151,"당뇨병성 말초혈관병증을 동반한, 괴저를 동반한 2형 당뇨병(I79.2*)",E14,당뇨병,false
E1158,기타 및 상세불명의 말초순환계 합병증을 동반한 2형 당뇨병,E14,당뇨병,false
E116,기타 명시된 합병증을 동반한 2형 당뇨병,E14,당뇨병,false
E1160,근골격 및 결합조직의 합병증을 동반한 2형 당뇨병,E14,당뇨병,false
E1161,피부 및 피하 조직의 합병증을 동반한 2형 당뇨병,E14,당뇨병,false
E1162,구강 및 치주의 합병증을 동반한 2형 당뇨병,E14,당뇨병,false
E1163,저혈당을 동반한 2형 당뇨병,E14,당뇨병,false
E1164,혈당조절이 되지 않은 2형 당뇨병,E14,당뇨병,false
E1165,말초순환계가 아닌 순환계 합병증을 동반한 2형 당뇨병,E14,당뇨병,false
E1168,달리 분류되지 않은 기타 명시된 합병증을 동반한 2형 당뇨병,E14,당뇨병,false
E117,다발성 합병증을 동반한 2형 당뇨병,E14,당뇨병,false
E1170,당뇨병성 족부궤양을 동반한 2형 당뇨병,E14,당뇨병,false
E1171,당뇨병성 족부궤양 및 괴저를 동반한 2형 당뇨병,E14,당뇨병,false
E1172,기타 및 상세불명의 당뇨병성 족부합병증을 동반한 2형 당뇨병,E14,당뇨병,false
E1178,기타 다발성 합병증을 동반한 2형 당뇨병,E14,당뇨병,false
E118,상세불명의 합병증을 동반한 2형 당뇨병,E14,당뇨병,false
E119,합병증을 동반하지 않은 2형 당뇨병,E14,당뇨병,false
E12,영양실조-관련 당뇨병,E14,당뇨병,false
E120,혼수를 동반한 영양실조-관련 당뇨병,E14,당뇨병,false
E1200,고삼투압과 혼수를 동반한 영양실조-관련 당뇨병,E14,당뇨병,false
E1201,혼수와 케토산증을 동반한 영양실조-관련 당뇨병,E14,당뇨병,false
E1202,혼수와 젖산증을 동반한 영양실조-관련 당뇨병,E14,당뇨병,false
E1203,혼수와 케토산증 및 젖산증을 동반한 영양실조-관련 당뇨병,E14,당뇨병,false
E1208,기타 및 상세불명의 혼수를 동반한 영양실조-관련 당뇨병,E14,당뇨병,false
E121,산증을 동반한 영양실조-관련 당뇨병,E14,당뇨병,false
E1210,케토산증을 동반한 영양실조-관련 당뇨병,E14,당뇨병,false
E1211,젖산증을 동반한 영양실조-관련 당뇨병,E14,당뇨병,false
E1212,케토산증 및 젖산증을 동반한 영양실조-관련 당뇨병,E14,당뇨병,false
E1218,기타 및 상세불명의 산증을 동반한 영양실조-관련 당뇨병,E14,당뇨병,false
E122,신장합병증을 동반한 영양실조-관련 당뇨병,E14,당뇨병,false
E1220,초기 당뇨병성 신장병증을 동반한 영양실조-관련 당뇨병(N08.3*),E14,당뇨병,false
E1221,확정된 당뇨병성 신장병증을 동반한 영양실조-관련 당뇨병(N08.3*),E14,당뇨병,false
E1222,말기신장병을 동반한 영양실조-관련 당뇨병(N08.3*),E14,당뇨병,false
E1228,기타 및 상세불명의 신장합병증을 동반한 영양실조-관련 당뇨병(N08.3*),E14,당뇨병,false
E123,눈합병증을 동반한 영양실조-관련 당뇨병,E14,당뇨병,false
E1231,당뇨병성 비증식성 망막병증을 동반한 영양실조-관련 당뇨병(H36.0*),E14,당뇨병,false
E1232,당뇨병성 증식성 망막병증을 동반한 영양실조-관련 당뇨병(H36.0*),E14,당뇨병,false
E1233,기타 및 상세불명의 망막병증을 동반한 영양실조-관련 당뇨병(H36.0*),E14,당뇨병,false
E1234,당뇨병성 백내장을 동반한 영양실조-관련 당뇨병(H28.0*),E14,당뇨병,false
E1238,기타 및 상세불명의 눈합병증을 동반한 영양실조-관련 당뇨병,E14,당뇨병,false
E124,신경학적 합병증을 동반한 영양실조-관련 당뇨병,E14,당뇨병,false
E1240,당뇨병성 단일신경병증을 동반한 영양실조-관련 당뇨병,E14,당뇨병,false
E1241,당뇨병성 다발신경병증을 동반한 영양실조-관련 당뇨병(G63.2*),E14,당뇨병,false
E1242,당뇨병성 자율신경병증을 동반한 영양실조-관련 당뇨병(G99.0*),E14,당뇨병,false
E1248,기타 및 상세불명의 신경학적 합병증을 동반한 영양실조-관련 당뇨병,E14,당뇨병,false
E125,말초순환계 합병증을 동반한 영양실조-관련 당뇨병,E14,당뇨병,false
E1250,"당뇨병성 말초혈관병증을 동반한, 괴저를 동반하지 않는 영양실조-관련 당뇨병(I79.2*)",E14,당뇨병,false
E1251,"당뇨병성 말초혈관병증을 동반한, 괴저를 동반한 영양실조-관련 당뇨병(I79.2*)",E14,당뇨병,false
E1258,기타 및 상세불명의 말초순환계 합병증을 동반한 영양실조-관련 당뇨병,E14,당뇨병,false
E126,기타 명시된 합병증을 동반한 영양실조-관련 당뇨병,E14,당뇨병,false
E1260,근골격 및 결합조직의 합병증을 동반한 영양실조-관련 당뇨병,E14,당뇨병,false
E1261,피부 및 피하 조직의 합병증을 동반한 영양실조-관련 당뇨병,E14,당뇨병,false
E1262,구강 및 치주의 합병증을 동반한 영양실조-관련 당뇨병,E14,당뇨병,false
E1263,저혈당을 동반한 영양실조-관련 당뇨병,E14,당뇨병,false
E1264,혈당조절이 되지 않은 영양실조-관련 당뇨병,E14,당뇨병,false
E1265,말초순환계가 아닌 순환계 합병증을 동반한 영양실조-관련 당뇨병,E14,당뇨병,false
E1268,달리 분류되지 않은 기타 명시된 합병증을 동반한 영양실조-관련 당뇨병,E14,당뇨병,false
E127,다발성 합병증을 동반한 영양실조-관련 당뇨병,E14,당뇨병,false
E1270,당뇨병성 족부궤양을 동반한 영양실조-관련 당뇨병,E14,당뇨병,false
E1271,당뇨병성 족부궤양 및 괴저를 동반한 영양실조-관련 당뇨병,E14,당뇨병,false
E1272,기타 및 상세불명의 당뇨병성 족부합병증을 동반한 영양실조-관련 당뇨병,E14,당뇨병,false
E1278,기타 다발성 합병증을 동반한 영양실조-관련 당뇨병,E14,당뇨병,false
E128,상세불명의 합병증을 동반한 영양실조-관련 당뇨병,E14,당뇨병,false
E129,합병증을 동반하지 않은 영양실조-관련 당뇨병,E14,당뇨병,false
E13,기타 명시된 당뇨병,E14,당뇨병,false
E130,혼수를 동반한 기타 명시된 당뇨병,E14,당뇨병,false
E1300,고삼투압과 혼수를 동반한 기타 명시된 당뇨병,E14,당뇨병,false
E1301,혼수와 케토산증을 동반한 기타 명시된 당뇨병,E14,당뇨병,false
E1302,혼수와 젖산증을 동반한 기타 명시된 당뇨병,E14,당뇨병,false
E1303,혼수와 케토산증 및 젖산증을 동반한 기타 명시된 당뇨병,E14,당뇨병,false
E1308,기타 및 상세불명의 혼수를 동반한 기타 명시된 당뇨병,E14,당뇨병,false
E131,산증을 동반한 기타 명시된 당뇨병,E14,당뇨병,false
E1310,케토산증을 동반한 기타 명시된 당뇨병,E14,당뇨병,false
E1311,젖산증을 동반한 기타 명시된 당뇨병,E14,당뇨병,false
E1312,케토산증 및 젖산증을 동반한 기타 명시된 당뇨병,E14,당뇨병,false
E1318,기타 및 상세불명의 산증을 동반한 기타 명시된 당뇨병,E14,당뇨병,false
E132,신장합병증을 동반한 기타 명시된 당뇨병,E14,당뇨병,false
E1320,초기 당뇨병성 신장병증을 동반한 기타 명시된 당뇨병(N08.3*),E14,당뇨병,false
E1321,확정된 당뇨병성 신장병증을 동반한 기타 명시된 당뇨병(N08.3*),E14,당뇨병,false
E1322,말기신장병을 동반한 기타 명시된 당뇨병(N08.3*),E14,당뇨병,false
E1328,기타 및 상세불명의 신장합병증을 동반한 기타 명시된 당뇨병(N08.3*),E14,당뇨병,false
E133,눈합병증을 동반한 기타 명시된 당뇨병,E14,당뇨병,false
E1331,당뇨병성 비증식성 망막병증을 동반한 기타 명시된 당뇨병(H36.0*),E14,당뇨병,false
E1332,당뇨병성 증식성 망막병증을 동반한 기타 명시된 당뇨병(H36.0*),E14,당뇨병,false
E1333,기타 및 상세불명의 망막병증을 동반한 기타 명시된 당뇨병(H36.0*),E14,당뇨병,false
E1334,당뇨병성 백내장을 동반한 기타 명시된 당뇨병(H28.0*),E14,당뇨병,false
E1338,기타 및 상세불명의 눈합병증을 동반한 기타 명시된 당뇨병,E14,당뇨병,false
E134,신경학적 합병증을 동반한 기타 명시된 당뇨병,E14,당뇨병,false
E1340,당뇨병성 단일신경병증을 동반한 기타 명시된 당뇨병,E14,당뇨병,false
E1341,당뇨병성 다발신경병증을 동반한 기타 명시된 당뇨병(G63.2*),E14,당뇨병,false
E1342,당뇨병성 자율신경병증을 동반한 기타 명시된 당뇨병(G99.0*),E14,당뇨병,false
E1348,기타 및 상세불명의 신경학적 합병증을 동반한 기타 명시된 당뇨병,E14,당뇨병,false
E135,말초순환계 합병증을 동반한 기타 명시된 당뇨병,E14,당뇨병,false
E1350,"당뇨병성 말초혈관병증을 동반한, 괴저를 동반하지 않는 기타 명시된 당뇨병(I79.2*)",E14,당뇨병,false
E1351,"당뇨병성 말초혈관병증을 동반한, 괴저를 동반한 기타 명시된 당뇨병(I79.2*)",E14,당뇨병,false
E1358,기타 및 상세불명의 말초순환계 합병증을 동반한 기타 명시된 당뇨병,E14,당뇨병,false
E136,기타 명시된 합병증을 동반한 기타 명시된 당뇨병,E14,당뇨병,false
E1360,근골격 및 결합조직의 합병증을 동반한 기타 명시된 당뇨병,E14,당뇨병,false
E1361,피부 및 피하 조직의 합병증을 동반한 기타 명시된 당뇨병,E14,당뇨병,false
E1362,구강 및 치주의 합병증을 동반한 기타 명시된 당뇨병,E14,당뇨병,false
E1363,저혈당을 동반한 기타 명시된 당뇨병,E14,당뇨병,false
E1364,혈당조절이 되지 않은 기타 명시된 당뇨병,E14,당뇨병,false
E1365,말초순환계가 아닌 순환계 합병증을 동반한 기타 명시된 당뇨병,E14,당뇨병,false
E1368,달리 분류되지 않은 기타 명시된 합병증을 동반한 기타 명시된 당뇨병,E14,당뇨병,false
E137,다발성 합병증을 동반한 기타 명시된 당뇨병,E14,당뇨병,false
E1370,당뇨병성 족부궤양을 동반한 기타 명시된 당뇨병,E14,당뇨병,false
E1371,당뇨병성 족부궤양 및 괴저를 동반한 기타 명시된 당뇨병,E14,당뇨병,false
E1372,기타 및 상세불명의 당뇨병성 족부합병증을 동반한 기타 명시된 당뇨병,E14,당뇨병,false
E1378,기타 다발성 합병증을 동반한 기타 명시된 당뇨병,E14,당뇨병,false
E138,상세불명의 합병증을 동반한 기타 명시된 당뇨병,E14,당뇨병,false
E139,합병증을 동반하지 않은 기타 명시된 당뇨병,E14,당뇨병,false
E14,상세불명의 당뇨병,E14,당뇨병,true
E140,혼수를 동반한 상세불명의 당뇨병,E14,당뇨병,false
E1400,고삼투압과 혼수를 동반한 상세불명의 당뇨병,E14,당뇨병,false
E1401,혼수와 케토산증을 동반한 상세불명의 당뇨병,E14,당뇨병,false
E1402,혼수와 젖산증을 동반한 상세불명의 당뇨병,E14,당뇨병,false
E1403,혼수와 케토산증 및 젖산증을 동반한 상세불명의 당뇨병,E14,당뇨병,false
E1408,기타 및 상세불명의 혼수를 동반한 상세불명의 당뇨병,E14,당뇨병,false
E141,산증을 동반한 상세불명의 당뇨병,E14,당뇨병,false
E1410,케토산증을 동반한 상세불명의 당뇨병,E14,당뇨병,false
E1411,젖산증을 동반한 상세불명의 당뇨병,E14,당뇨병,false
E1412,케토산증 및 젖산증을 동반한 상세불명의 당뇨병,E14,당뇨병,false
E1418,기타 및 상세불명의 산증을 동반한 상세불명의 당뇨병,E14,당뇨병,false
E142,신장합병증을 동반한 상세불명의 당뇨병,E14,당뇨병,false
E1420,초기 당뇨병성 신장병증을 동반한 상세불명의 당뇨병(N08.3*),E14,당뇨병,false
E1421,확정된 당뇨병성 신장병증을 동반한 상세불명의 당뇨병(N08.3*),E14,당뇨병,false
E1422,말기신장병을 동반한 상세불명의 당뇨병(N08.3*),E14,당뇨병,false
E1428,기타 및 상세불명의 신장합병증을 동반한 상세불명의 당뇨병(N08.3*),E14,당뇨병,false
E143,눈합병증을 동반한 상세불명의 당뇨병,E14,당뇨병,false
E1431,당뇨병성 비증식성 망막병증을 동반한 상세불명의 당뇨병(H36.0*),E14,당뇨병,false
E1432,당뇨병성 증식성 망막병증을 동반한 상세불명의 당뇨병(H36.0*),E14,당뇨병,false
E1433,기타 및 상세불명의 망막병증을 동반한 상세불명의 당뇨병(H36.0*),E14,당뇨병,false
E1434,당뇨병성 백내장을 동반한 상세불명의 당뇨병,E14,당뇨병,false
E1438,기타 및 상세불명의 눈합병증을 동반한 상세불명의 당뇨병,E14,당뇨병,false
E144,신경학적 합병증을 동반한 상세불명의 당뇨병,E14,당뇨병,false
E1440,당뇨병성 단일신경병증을 동반한 상세불명의 당뇨병,E14,당뇨병,false
E1441,당뇨병성 다발신경병증을 동반한 상세불명의 당뇨병(G63.2*),E14,당뇨병,false
E1442,당뇨병성 자율신경병증을 동반한 상세불명의 당뇨병(G99.0*),E14,당뇨병,false
E1448,기타 및 상세불명의 신경학적 합병증을 동반한 상세불명의 당뇨병,E14,당뇨병,false
E145,말초순환계 합병증을 동반한 상세불명의 당뇨병,E14,당뇨병,false
E1450,"당뇨병성 말초혈관병증을 동반한, 괴저를 동반하지 않는 상세불명의 당뇨병(I79.2*)",E14,당뇨병,false
E1451,"당뇨병성 말초혈관병증을 동반한, 괴저를 동반한 상세불명의 당뇨병(I79.2*)",E14,당뇨병,false
E1458,기타 및 상세불명의 말초순환계 합병증을 동반한 상세불명의 당뇨병,E14,당뇨병,false
E146,기타 명시된 합병증을 동반한 상세불명의 당뇨병,E14,당뇨병,false
E1460,근골격 및 결합조직의 합병증을 동반한 상세불명의 당뇨병,E14,당뇨병,false
E1461,피부 및 피하 조직의 합병증을 동반한 상세불명의 당뇨병,E14,당뇨병,false
E1462,구강 및 치주의 합병증을 동반한 상세불명의 당뇨병,E14,당뇨병,false
E1463,저혈당을 동반한 상세불명의 당뇨병,E14,당뇨병,false
E1464,혈당조절이 되지 않은 상세불명의 당뇨병,E14,당뇨병,false
E1465,말초순환계가 아닌 순환계 합병증을 동반한 상세불명의 당뇨병,E14,당뇨병,false
E1468,달리 분류되지 않은 기타 명시된 합병증을 동반한 상세불명의 당뇨병,E14,당뇨병,false
E147,다발성 합병증을 동반한 상세불명의 당뇨병,E14,당뇨병,false
E1470,당뇨병성 족부궤양을 동반한 상세불명의 당뇨병,E14,당뇨병,false
E1471,당뇨병성 족부궤양 및 괴저를 동반한 상세불명의 당뇨병,E14,당뇨병,false
E1472,기타 및 상세불명의 당뇨병성 족부합병증을 동반한 상세불명의 당뇨병,E14,당뇨병,false
E1478,기타 다발성 합병증을 동반한 상세불명의 당뇨병,E14,당뇨병,false
E148,상세불명의 합병증을 동반한 상세불명의 당뇨병,E14,당뇨병,false
E149,합병증을 동반하지 않은 상세불명의 당뇨병,E14,당뇨병,false
E15,비당뇨병성 저혈당성 혼수,E14,당뇨병,false
E282,다낭성 난소증후군,E282,다낭성 난소 증후군,true
E507,비타민A결핍의 기타 안구증상,E507,안구건조증,true
E668,기타 비만,E668,비만,true
E893,처치후 뇌하수체기능저하증,E893,뇌하수체기능저하증,true
F32,우울에피소드,F32,우울에피소드,true
F320,경도 우울에피소드,F32,우울에피소드,false
F321,중등도 우울에피소드,F32,우울에피소드,false
F322,정신병적 증상이 없는 중증의 우울에피소드,F32,우울에피소드,false
F323,정신병적 증상이 있는 중증의 우울에피소드,F32,우울에피소드,false
F328,기타 우울에피소드,F32,우울에피소드,false
F329,상세불명의 우울에피소드,F32,우울에피소드,false
F41,기타 불안장애,F41,불안장애,true
F410,공황장애[우발적 발작성 불안],F41,불안장애,false
F411,범불안장애,F41,불안장애,false
F412,혼합형 불안 및 우울장애,F41,불안장애,false
F413,기타 혼합형 불안장애,F41,불안장애,false
F418,기타 명시된 불안장애,F41,불안장애,false
F419,상세불명의 불안장애,F41,불안장애,false
F458,기타 신체형장애,F458,이갈이,true
F51,비기질성 수면장애,F51,비기질성 수면장애,true
F510,비기질성 불면증,F51,비기질성 수면장애,false
F511,비기질성 과다수면,F51,비기질성 수면장애,false
F512,수면각성일정의 비기질성 장애,F51,비기질성 수면장애,false
F513,몽유병,F51,비기질성 수면장애,false
F514,야경증(夜痙症),F51,비기질성 수면장애,false
F515,악몽,F51,비기질성 수면장애,false
F518,기타 비기질성 수면장애,F51,비기질성 수면장애,false
F519,상세불명의 비기질성 수면장애,F51,비기질성 수면장애,false
F985,말더듬[말더듬증],F985,말더듬,true
G031,만성 수막염,G031,수막염,true
G113,DNA복구결손을 수반한 소뇌성 운동실조,G113,운동,true
G408,기타 뇌전증,G408,뇌전증,true
G4080,난치성 뇌전증을 동반하지 않은 기타 뇌전증,G408,뇌전증,false
G4081,난치성 뇌전증을 동반한 기타 뇌전증,G408,뇌전증,false
G43,편두통,G43,편두통,true
G430,조짐이 없는 편두통[일반편두통],G43,편두통,false
G431,조짐이 있는 편두통[고전적 편두통],G43,편두통,false
G432,편두통지속상태,G43,편두통,false
G433,합병된 편두통,G43,편두통,false
G438,기타 편두통,G43,편두통,false
G439,상세불명의 편두통,G43,편두통,false
G459,상세불명의 일과성 뇌허혈발작,G459,일과성 허혈 발작,true
G47,수면장애,G47,수면장애,true
G470,수면 개시 및 유지 장애[불면증],G47,수면장애,false
G471,과다수면장애[과다수면],G47,수면장애,false
G472,수면각성일정장애,G47,수면장애,false
G473,수면무호흡,G47,수면장애,false
G4730,폐색성 수면무호흡,G47,수면장애,false
G4731,중추성 수면무호흡,G47,수면장애,false
G4732,혼합형 수면무호흡,G47,수면장애,false
G4738,기타 및 상세불명 수면무호흡,G47,수면장애,false
G474,발작수면 및 허탈발작,G47,수면장애,false
G478,기타 수면장애,G47,수면장애,false
G479,상세불명의 수면장애,G47,수면장애,false
G513,간대성 반쪽얼굴연축,G513,얼굴연축,true
G590,당뇨병성 단일신경병증(4단위 및 5단위 숫자 .40에 해당되는 E10-E14†),E14,당뇨병,false
G632,당뇨병성 다발신경병증(4단위 및 5단위 숫자 .41에 해당되는 E10-E14†),E14,당뇨병,false
G808,기타 뇌성마비,G808,뇌성마비,true
G918,기타 수두증,G918,수두증,true
H024,안검하수,H024,안검하수,true
H0240,기계적 안검하수,H024,안검하수,false
H0241,근원성 안검하수,H024,안검하수,false
H0242,마비성 안검하수,H024,안검하수,false
H0248,기타 및 상세불명의 안검하수,H024,안검하수,false
H10,결막염,H10,결막염,true
H100,점액화농성 결막염,H10,결막염,false
H1000,급성 소포성 결막염,H10,결막염,false
H1008,기타 점액화농성 결막염,H10,결막염,false
H101,급성 아토피결막염,H10,결막염,false
H102,기타 급성 결막염,H10,결막염,false
H1020,급성 독성결막염,H10,결막염,false
H1021,거짓막성 결막염,H10,결막염,false
H1022,"장액성 결막염, 바이러스성 제외",H10,결막염,false
H1028,기타 급성 결막염,H10,결막염,false
H103,상세불명의 급성 결막염,H10,결막염,false
H104,만성 결막염,H10,결막염,false
H105,안검결막염,H10,결막염,false
H108,기타 결막염,H10,결막염,false
H109,상세불명의 결막염,H10,결막염,false
H26,기타 백내장,H26,백내장,true
H260,"영아, 연소 및 초로 백내장",H26,백내장,false
H2600,영아백내장,H26,백내장,false
H26000,"영아백내장, 오른쪽",H26,백내장,false
H26001,"영아백내장, 왼쪽",H26,백내장,false
H26002,"영아백내장, 양쪽",H26,백내장,false
H26009,"영아백내장, 상세불명 쪽",H26,백내장,false
H2601,연소백내장,H26,백내장,false
H26010,"연소백내장, 오른쪽",H26,백내장,false
H26011,"연소백내장, 왼쪽",H26,백내장,false
H26012,"연소백내장, 양쪽",H26,백내장,false
H26019,"연소백내장, 상세불명 쪽",H26,백내장,false
H2602,초로백내장,H26,백내장,false
H26020,"초로백내장, 오른쪽",H26,백내장,false
H26021,"초로백내장, 왼쪽",H26,백내장,false
H26022,"초로백내장, 양쪽",H26,백내장,false
H26029,"초로백내장, 상세불명 쪽",H26,백내장,false
H261,외상성 백내장,H26,백내장,false
H2610,"외상성 백내장, 오른쪽",H26,백내장,false
H2611,"외상성 백내장, 왼쪽",H26,백내장,false
H2612,"외상성 백내장, 양쪽",H26,백내장,false
H2619,"외상성 백내장, 상세불명 쪽",H26,백내장,false
H262,합병백내장,H26,백내장,false
H2620,안구내수술에 따른 이차성 백내장,H26,백내장,false
H26200,"안구내수술에 따른 이차성 백내장, 오른쪽",H26,백내장,false
H26201,"안구내수술에 따른 이차성 백내장, 왼쪽",H26,백내장,false
H26202,"안구내수술에 따른 이차성 백내장, 양쪽",H26,백내장,false
H26209,"안구내수술에 따른 이차성 백내장, 상세불명 쪽",H26,백내장,false
H2621,기타 안구염증에 따른 이차성 백내장,H26,백내장,false
H26210,"기타 안구염증에 따른 이차성 백내장, 오른쪽",H26,백내장,false
H26211,"기타 안구염증에 따른 이차성 백내장, 왼쪽",H26,백내장,false
H26212,"기타 안구염증에 따른 이차성 백내장, 양쪽",H26,백내장,false
H26219,"기타 안구염증에 따른 이차성 백내장, 상세불명 쪽",H26,백내장,false
H2628,기타 합병백내장,H26,백내장,false
H26280,"기타 합병백내장, 오른쪽",H26,백내장,false
H26281,"기타 합병백내장, 왼쪽",H26,백내장,false
H26282,"기타 합병백내장, 양쪽",H26,백내장,false
H26289,"기타 합병백내장, 상세불명 쪽",H26,백내장,false
H263,약물유발 백내장,H26,백내장,false
H2630,"약물유발 백내장, 오른쪽",H26,백내장,false
H2631,"약물유발 백내장, 왼쪽",H26,백내장,false
H2632,"약물유발 백내장, 양쪽",H26,백내장,false
H2639,"약물유발 백내장, 상세불명 쪽",H26,백내장,false
H264,후발백내장,H26,백내장,false
H2640,"후발백내장, 오른쪽",H26,백내장,false
H2641,"후발백내장, 왼쪽",H26,백내장,false
H2642,"후발백내장, 양쪽",H26,백내장,false
H2649,"후발백내장, 상세불명 쪽",H26,백내장,false
H268,기타 명시된 백내장,H26,백내장,false
H2680,"기타 명시된 백내장, 오른쪽",H26,백내장,false
H2681,"기타 명시된 백내장, 왼쪽",H26,백내장,false
H2682,"기타 명시된 백내장, 양쪽",H26,백내장,false
H2689,"기타 명시된 백내장, 상세불명 쪽",H26,백내장,false
H269,상세불명의 백내장,H26,백내장,false
H2690,"상세불명의 백내장, 오른쪽",H26,백내장,false
H2691,"상세불명의 백내장, 왼쪽",H26,백내장,false
H2692,"상세불명의 백내장, 양쪽",H26,백내장,false
H2699,"상세불명의 백내장, 상세불명 쪽",H26,백내장,false
H280,당뇨병성 백내장( 4단위 및 5단위 숫자 .34에 해당되는 E10-E14+),E14,당뇨병,false
H335,기타 망막박리,H335,망막박리,true
H3510,"미숙아 망막병증, 1단계(흰선)",H3510,미숙아,true
H3519,상세불명의 미숙아 망막병증,H3519,미숙아망막병증,true
H360,"당뇨병성 망막병증(4단위 및 5단위 숫자 .30, .31, .32, .33에 해당되는 E10-E14+)",H360,당뇨병성망막병증,true
H408,기타 녹내장,H408,녹내장,true
H46,시신경염,H46,시신경염,true
H50,기타 사시,H50,사시,true
H500,수렴공동사시,H50,사시,false
H501,분산공동사시,H50,사시,false
H502,수직사시,H50,사시,false
H5020,상사시,H50,사시,false
H5021,하사시,H50,사시,false
H5029,상세불명의 수직사시,H50,사시,false
H503,간헐성 사시,H50,사시,false
H5030,간헐성 내사시,H50,사시,false
H5032,간헐성 외사시,H50,사시,false
H5039,상세불명의 간헐성 사시,H50,사시,false
H504,기타 및 상세불명의 사시,H50,사시,false
H5040,회선사시,H50,사시,false
H5048,기타 및 상세불명의 사시,H50,사시,false
H505,사위,H50,사시,false
H5050,내사위,H50,사시,false
H5051,외사위,H50,사시,false
H5058,기타 및 상세불명의 사위,H50,사시,false
H506,기계적 사시,H50,사시,false
H508,기타 명시된 사시,H50,사시,false
H509,상세불명의 사시,H50,사시,false
H602,악성 외이도염,H602,악성 외이도염,true
H65,비화농성 중이염,H65,비화농성 중이염,true
H650,급성 장액성 중이염,H65,비화농성 중이염,false
H6500,"급성 장액성 중이염, 한쪽 또는 상세불명",H65,비화농성 중이염,false
H6501,"급성 장액성 중이염, 양쪽",H65,비화농성 중이염,false
H651,기타 급성 비화농성 중이염,H65,비화농성 중이염,false
H6510,알레르기성(점액성)(혈액성)(장액성) 급성 및 아급성 중이염,H65,비화농성 중이염,false
H65100,"알레르기성(점액성)(혈액성)(장액성) 급성 및 아급성 중이염, 한쪽 또는 상세불명",H65,비화농성 중이염,false
H65101,"알레르기성(점액성)(혈액성)(장액성) 급성 및 아급성 중이염, 양쪽",H65,비화농성 중이염,false
H6518,기타 급성 비화농성 중이염,H65,비화농성 중이염,false
H65180,"기타 급성 비화농성 중이염, 한쪽 또는 상세불명",H65,비화농성 중이염,false
H65181,"기타 급성 비화농성 중이염, 양쪽",H65,비화농성 중이염,false
H652,만성 장액성 중이염,H65,비화농성 중이염,false
H6520,"만성 장액성 중이염, 한쪽 또는 상세불명",H65,비화농성 중이염,false
H6521,"만성 장액성 중이염, 양쪽",H65,비화농성 중이염,false
H653,만성 점액성 중이염,H65,비화농성 중이염,false
H6530,"만성 점액성 중이염, 한쪽 또는 상세불명",H65,비화농성 중이염,false
H6531,"만성 점액성 중이염, 양쪽",H65,비화농성 중이염,false
H654,기타 만성 비화농성 중이염,H65,비화농성 중이염,false
H6540,만성 알레르기성 중이염,H65,비화농성 중이염,false
H65400,"만성 알레르기성 중이염, 한쪽 또는 상세불명",H65,비화농성 중이염,false
H65401,"만성 알레르기성 중이염, 양쪽",H65,비화농성 중이염,false
H6548,기타 만성 비화농성 중이염,H65,비화농성 중이염,false
H65480,"기타 만성 비화농성 중이염, 한쪽 또는 상세불명",H65,비화농성 중이염,false
H65481,"기타 만성 비화농성 중이염, 양쪽",H65,비화농성 중이염,false
H659,상세불명의 비화농성 중이염,H65,비화농성 중이염,false
H6590,"상세불명의 비화농성 중이염, 한쪽 또는 상세불명",H65,비화농성 중이염,false
H6591,"상세불명의 비화농성 중이염, 양쪽",H65,비화농성 중이염,false
H669,상세불명의 중이염,H669,상세불명의 중이염,true
H6690,"상세불명의 중이염, 한쪽 또는 상세불명",H669,상세불명의 중이염,false
H6691,"상세불명의 중이염, 양쪽",H669,상세불명의 중이염,false
H810,메니에르병,H810,메니에르병,true
H931,이명,H931,이명,true
I10,본태성(원발성) 고혈압,I10,고혈압,true
I101,악성 고혈압,I10,고혈압,false
I109,기타 및 상세불명의 원발성 고혈압,I10,고혈압,false
I11,고혈압성 심장병,I10,고혈압,false
I110,(울혈성) 심부전을 동반한 고혈압성 심장병,I10,고혈압,false
I119,(울혈성) 심부전이 없는 고혈압성 심장병,I10,고혈압,false
I12,고혈압성 신장병,I12,고혈압성신장병,true
I120,신부전을 동반한 고혈압성 신장병,I12,고혈압성신장병,false
I129,신부전이 없는 고혈압성 신장병,I12,고혈압성신장병,false
I13,고혈압성 심장 및 신장병,I10,고혈압,false
I130,(울혈성) 심부전을 동반한 고혈압성 심장 및 신장병,I10,고혈압,false
I131,신부전을 동반한 고혈압성 심장 및 신장병,I10,고혈압,false
I132,(울혈성) 심부전 및 신부전을 동반한 고혈압성 심장 및 신장병,I10,고혈압,false
I139,상세불명의 고혈압성 심장 및 신장병,I10,고혈압,false
I15,이차성 고혈압,I10,고혈압,false
I150,신장혈관성 고혈압,I10,고혈압,false
I151,기타 신장장애에 따른 이차성 고혈압,I10,고혈압,false
I152,내분비장애에 따른 이차성 고혈압,I10,고혈압,false
I1522,크롬친화세포종에 따른 이차성 고혈압,I10,고혈압,false
I1528,기타 내분비장애에 따른 이차성 고혈압,I10,고혈압,false
I158,기타 이차성 고혈압,I10,고혈압,false
I159,상세불명의 이차성 고혈압,I10,고혈압,false
I21,급성 심근경색증,I21,급성 심근경색증,true
I210,전벽의 급성 전층심근경색증,I21,급성 심근경색증,false
I211,하벽의 급성 전층심근경색증,I21,급성 심근경색증,false
I212,기타 부위의 급성 전층심근경색증,I21,급성 심근경색증,false
I213,상세불명 부위의 급성 전층심근경색증,I21,급성 심근경색증,false
I214,급성 심내막하심근경색증,I21,급성 심근경색증,false
I219,상세불명의 급성 심근경색증,I21,급성 심근경색증,false
I270,원발성 폐동맥고혈압,I10,고혈압,false
I272,기타 이차성 폐동맥고혈압,I10,고혈압,false
I301,감염성 심장막염,I301,심낭염,true
I330,급성 및 아급성 감염성 심내막염,I330,감염성 심내막염,true
I499,상세불명의 심장부정맥,I499,부정맥,true
I509,상세불명의 심부전,I509,심부전,true
I6322,경동맥의 상세불명 폐쇄 또는 협착에 의한 뇌경색증,I6322,뇌경색,true
I671,파열되지 않은 대뇌동맥류,I671,뇌동맥류,true
I674,고혈압성 뇌병증,I10,고혈압,false
I7099,상세불명의 죽상경화증,I7099,죽상경화증,true
I70990,괴저를 동반하지 않은 상세불명의 죽상경화증,I7099,죽상경화증,false
I70991,괴저를 동반한 상세불명의 죽상경화증,I7099,죽상경화증,false
I710,대동맥박리[모든 부분],I710,대동맥 박리,true
I7101,복부대동맥박리,I710,대동맥 박리,false
I7102,흉복부대동맥박리,I710,대동맥 박리,false
I7103,"흉부대동맥박리, 상행부위",I710,대동맥 박리,false
I7104,"흉부대동맥박리, 하행부위",I710,대동맥 박리,false
I7105,상세불명의 흉부대동맥박리,I710,대동맥 박리,false
I7109,상세불명 부위의 대동맥박리,I710,대동맥 박리,false
I790,달리 분류된 질환에서의 대동맥류,I790,대동맥류,true
I85,식도정맥류,I85,식도정맥류,true
I850,출혈이 있는 식도정맥류,I85,식도정맥류,false
I859,출혈이 없는 식도정맥류,I85,식도정맥류,false
I958,기타 저혈압,I958,저혈압,true
J00,급성 비인두염[감기],J00,급성비인두염,true
J01,급성 부비동염,J01,부비동염,true
J010,급성 상악동염,J01,부비동염,false
J0100,재발성으로 명시되어 있지 않은 급성 상악동염,J01,부비동염,false
J0101,재발성 급성 상악동염,J01,부비동염,false
J011,급성 전두동염,J01,부비동염,false
J0110,재발성으로 명시되어 있지 않은 급성 전두동염,J01,부비동염,false
J0111,재발성 급성 전두동염,J01,부비동염,false
J012,급성 사골동염,J01,부비동염,false
J0120,재발성으로 명시되어 있지 않은 급성 사골동염,J01,부비동염,false
J0121,재발성 급성 사골동염,J01,부비동염,false
J013,급성 접형동염,J01,부비동염,false
J0130,재발성으로 명시되어 있지 않은 급성 접형동염,J01,부비동염,false
J0131,재발성 급성 접형동염,J01,부비동염,false
J014,급성 범부비동염,J01,부비동염,false
J0140,재발성으로 명시되어 있지 않은 급성 범부비동염,J01,부비동염,false
J0141,재발성 급성 범부비동염,J01,부비동염,false
J018,기타 급성 부비동염,J01,부비동염,false
J0180,재발성으로 명시되어 있지 않은 기타 급성 부비동염,J01,부비동염,false
J0181,재발성 기타 급성 부비동염,J01,부비동염,false
J019,상세불명의 급성 부비동염,J01,부비동염,false
J0190,재발성으로 명시되어 있지 않은 상세불명의 급성 부비동염,J01,부비동염,false
J0191,재발성 상세불명의 급성 부비동염,J01,부비동염,false
J02,급성 인두염,J02,급성 인두염,true
J020,연쇄알균인두염,J02,급성 인두염,false
J028,기타 명시된 병원체에 의한 급성 인두염,J02,급성 인두염,false
J029,상세불명의 급성 인두염,J02,급성 인두염,false
J03,급성 편도염,J03,급성 편도염,true
J030,연쇄알균편도염,J03,급성 편도염,false
J0300,재발성으로 명시되어 있지 않은 연쇄알균편도염,J03,급성 편도염,false
J0301,재발성 연쇄알균편도염,J03,급성 편도염,false
J038,기타 명시된 병원체에 의한 급성 편도염,J03,급성 편도염,false
J0380,재발성으로 명시되어 있지 않은 기타 명시된 병원체에 의한 급성편도염,J03,급성 편도염,false
J0381,재발성 기타 명시된 병원체에 의한 급성편도염,J03,급성 편도염,false
J039,상세불명의 급성 편도염,J03,급성 편도염,false
J0390,재발성으로 명시되어 있지 않은 상세불명의 급성 편도염,J03,급성 편도염,false
J0391,재발성 상세불명의 급성 편도염,J03,급성 편도염,false
J06,다발성 및 상세불명 부위의 급성 상기도감염,J06,급성 상기도감염,true
J060,급성 후두인두염,J06,급성 상기도감염,false
J068,여러 부위의 기타 급성 상기도감염,J06,급성 상기도감염,false
J069,상세불명의 급성 상기도감염,J06,급성 상기도감염,false
J111,"바이러스가 확인되지 않은, 기타 호흡기증상을 동반한 인플루엔자",J111,인플루엔자,true
J20,급성 기관지염,J20,급성 기관지염,true
J200,폐렴마이코플라스마에 의한 급성 기관지염,J20,급성 기관지염,false
J201,인플루엔자균에 의한 급성 기관지염,J20,급성 기관지염,false
J202,연쇄알균에 의한 급성 기관지염,J20,급성 기관지염,false
J203,콕사키바이러스에 의한 급성 기관지염,J20,급성 기관지염,false
J204,파라인플루엔자바이러스에 의한 급성 기관지염,J20,급성 기관지염,false
J205,호흡기세포융합바이러스에 의한 급성 기관지염,J20,급성 기관지염,false
J206,라이노바이러스에 의한 급성 기관지염,J20,급성 기관지염,false
J207,에코바이러스에 의한 급성 기관지염,J20,급성 기관지염,false
J208,기타 명시된 병원체에 의한 급성 기관지염,J20,급성 기관지염,false
J2080,사람보카바이러스에 의한 급성 기관지염,J20,급성 기관지염,false
J2088,기타 명시된 병원체에 의한 급성 기관지염,J20,급성 기관지염,false
J209,상세불명의 급성 기관지염,J20,급성 기관지염,false
J21,급성 세기관지염,J21,세기관지염,true
J210,호흡기세포융합바이러스에 의한 급성 세기관지염,J21,세기관지염,false
J211,사람 메타뉴모바이러스에 의한 급성 세기관지염,J21,세기관지염,false
J218,기타 명시된 병원체에 의한 급성 세기관지염,J21,세기관지염,false
J2180,사람보카바이러스에 의한 급성 세기관지염,J21,세기관지염,false
J2181,파라인플루엔자바이러스에 의한 급성 세기관지염,J21,세기관지염,false
J2188,기타 명시된 병원체에 의한 급성 세기관지염,J21,세기관지염,false
J219,상세불명의 급성 세기관지염,J21,세기관지염,false
J30,혈관운동성 및 알레르기성 비염,J30,알레르기성 비염,true
J300,혈관운동성 비염,J30,알레르기성 비염,false
J301,화분에 의한 알레르기비염,J30,알레르기성 비염,false
J302,기타 계절성 알레르기비염,J30,알레르기성 비염,false
J303,기타 알레르기비염,J30,알레르기성 비염,false
J304,상세불명의 알레르기비염,J30,알레르기성 비염,false
J310,만성 비염,J310,만성비염,true
J44,기타 만성 폐쇄성 폐질환,J44,만성기관지염,true
J440,급성 하기도감염을 동반한 만성 폐쇄성 폐질환,J44,만성기관지염,false
J4400,"급성 하기도감염을 동반한 만성 폐쇄성 폐질환, 경도",J44,만성기관지염,false
J4401,"급성 하기도감염을 동반한 만성 폐쇄성 폐질환, 중등도",J44,만성기관지염,false
J4402,"급성 하기도감염을 동반한 만성 폐쇄성 폐질환, 중증",J44,만성기관지염,false
J4409,"급성 하기도감염을 동반한 만성 폐쇄성 폐질환, 상세불명",J44,만성기관지염,false
J441,급성 악화를 동반한 상세불명의 만성 폐쇄성 폐질환,J441,만성폐쇄성폐질환,true
J4410,"급성 악화를 동반한 상세불명의 만성 폐쇄성 폐질환, 경도",J441,만성폐쇄성폐질환,false
J4411,"급성 악화를 동반한 상세불명의 만성 폐쇄성 폐질환, 중등도",J441,만성폐쇄성폐질환,false
J4412,"급성 악화를 동반한 상세불명의 만성 폐쇄성 폐질환, 중증",J441,만성폐쇄성폐질환,false
J4419,"급성 악화를 동반한 상세불명의 만성 폐쇄성 폐질환, 상세불명",J441,만성폐쇄성폐질환,false
J448,기타 명시된 만성 폐쇄성 폐질환,J44,만성기관지염,false
J4480,"기타 명시된 만성 폐쇄성 폐질환, 경도",J44,만성기관지염,false
J4481,"기타 명시된 만성 폐쇄성 폐질환, 중등도",J44,만성기관지염,false
J4482,"기타 명시된 만성 폐쇄성 폐질환, 중증",J44,만성기관지염,false
J4489,"기타 명시된 만성 폐쇄성 폐질환, 상세불명",J44,만성기관지염,false
J449,상세불명의 만성 폐쇄성 폐질환,J44,만성기관지염,false
J4490,"상세불명의 만성 폐쇄성 폐질환, 경도",J44,만성기관지염,false
J4491,"상세불명의 만성 폐쇄성 폐질환, 중등도",J44,만성기관지염,false
J4492,"상세불명의 만성 폐쇄성 폐질환, 중증",J44,만성기관지염,false
J4499,"상세불명의 만성 폐쇄성 폐질환, 상세불명",J44,만성기관지염,false
J45,천식,J45,천식,true
J450,주로 알레르기성 천식,J45,천식,false
J4500,기침(이)형천식,J45,천식,false
J4501,"기타 알레르기천식, 간헐성 및 경증 지속성",J45,천식,false
J4502,"기타 알레르기천식, 중등도 지속성",J45,천식,false
J4503,"기타 알레르기천식, 중증 지속성",J45,천식,false
J4509,상세불명의 주로 알레르기성 천식,J45,천식,false
J451,비알레르기천식,J45,천식,false
J4510,"운동유발성 천식, 기관지연축",J45,천식,false
J4511,"기타 비알레르기천식, 간헐성 및 경증 지속성",J45,천식,false
J4512,"기타 비알레르기천식, 중등도 지속성",J45,천식,false
J4513,"기타 비알레르기천식, 중증 지속성",J45,천식,false
J4519,상세불명의 비알레르기천식,J45,천식,false
J458,혼합형 천식,J45,천식,false
J4580,직업성 천식,J45,천식,false
J4581,아스피린 과민성 천식,J45,천식,false
J4588,기타 혼합형 천식,J45,천식,false
J459,상세불명의 천식,J45,천식,false
J47,기관지확장증,J47,기관지확장증,true
J938,기타 기흉,J938,기흉,true
K055,기타 치주질환,K055,치주질환,true
K117,침분비의 장애,K117,구강건조증,true
K121,구내염의 기타 형태,K121,구내염 NOS,true
K134,구강점막의 육아종 및 육아종-유사병변,K134,사마귀,true
K21,위-식도역류병,K21,위식도역류병,true
K210,식도염을 동반한 위-식도역류병,K21,위식도역류병,false
K219,식도염을 동반하지 않은 위-식도역류병,K21,위식도역류병,false
K227,바렛식도,K227,바렛 식도,true
K27,상세불명 부위의 소화성 궤양,K27,위십이지장 궤양,true
K270,출혈이 있는 급성 상세불명 부위의 소화성 궤양,K27,위십이지장 궤양,false
K271,천공이 있는 급성 상세불명 부위의 소화성 궤양,K27,위십이지장 궤양,false
K272,출혈 및 천공이 모두 있는 급성 상세불명 부위의 소화성 궤양,K27,위십이지장 궤양,false
K273,출혈 또는 천공이 없는 급성 상세불명 부위의 소화성 궤양,K27,위십이지장 궤양,false
K274,출혈이 있는 만성 또는 상세불명 부위의 소화성 궤양,K27,위십이지장 궤양,false
K275,천공이 있는 만성 또는 상세불명 부위의 소화성 궤양,K27,위십이지장 궤양,false
K276,출혈 및 천공이 모두 있는 만성 또는 상세불명 부위의 소화성 궤양,K27,위십이지장 궤양,false
K277,출혈 또는 천공이 없는 만성 상세불명 부위의 소화성 궤양,K27,위십이지장 궤양,false
K279,출혈 또는 천공이 없는 급성인지 만성인지 상세불명인 상세불명 부위의 소화성 궤양,K27,위십이지장 궤양,false
K291,기타 급성 위염,K291,위염,true
K30,기능성 소화불량,K30,소화불량,true
K35,급성 충수염,K35,급성 충수염,true
K352,범복막염을 동반한 급성 충수염,K35,급성 충수염,false
K353,국소복막염을 동반한 급성 충수염,K35,급성 충수염,false
K358,기타 및 상세불명의 급성 충수염,K35,급성 충수염,false
K57,장의 게실병,K57,(소)(대)장의 게실증,true
K570,천공 및 농양이 있는 소장의 게실병,K57,(소)(대)장의 게실증,false
K5700,"출혈을 동반하지 않은 천공 및 농양이 있는 소장의 게실병, 게실증",K57,(소)(대)장의 게실증,false
K5701,"출혈을 동반한 천공 및 농양이 있는 소장의 게실병, 게실증",K57,(소)(대)장의 게실증,false
K5702,"출혈을 동반하지 않은 천공 및 농양이 있는 소장의 게실병, 게실염",K57,(소)(대)장의 게실증,false
K5703,"출혈을 동반한 천공 및 농양이 있는 소장의 게실병, 게실염",K57,(소)(대)장의 게실증,false
K571,천공 또는 농양이 없는 소장의 게실병,K57,(소)(대)장의 게실증,false
K5710,"출혈을 동반하지 않은 천공 또는 농양이 없는 소장의 게실병, 게실증",K57,(소)(대)장의 게실증,false
K5711,"출혈을 동반한 천공 또는 농양이 없는 소장의 게실병, 게실증",K57,(소)(대)장의 게실증,false
K5712,"출혈을 동반하지 않은 천공 또는 농양이 없는 소장의 게실병, 게실염",K57,(소)(대)장의 게실증,false
K5713,"출혈을 동반한 천공 또는 농양이 없는 소장의 게실병, 게실염",K57,(소)(대)장의 게실증,false
K572,천공 및 농양이 있는 대장의 게실병,K57,(소)(대)장의 게실증,false
K5720,"출혈을 동반하지 않은 천공 및 농양이 있는 대장의 게실병, 게실증",K57,(소)(대)장의 게실증,false
K5721,"출혈을 동반한 천공 및 농양이 있는 대장의 게실병, 게실증",K57,(소)(대)장의 게실증,false
K5722,"출혈을 동반하지 않은 천공 및 농양이 있는 대장의 게실병, 게실염",K57,(소)(대)장의 게실증,false
K5723,"출혈을 동반한 천공 및 농양이 있는 대장의 게실병, 게실염",K57,(소)(대)장의 게실증,false
K573,천공 또는 농양이 없는 대장의 게실병,K57,(소)(대)장의 게실증,false
K5730,"출혈을 동반하지 않은 천공 또는 농양이 없는 대장의 게실병, 게실증",K57,(소)(대)장의 게실증,false
K5731,"출혈을 동반한 천공 또는 농양이 없는 대장의 게실병, 게실증",K57,(소)(대)장의 게실증,false
K5732,"출혈을 동반하지 않은 천공 또는 농양이 없는 대장의 게실병, 게실염",K57,(소)(대)장의 게실증,false
K5733,"출혈을 동반한 천공 또는 농양이 없는 대장의 게실병, 게실염",K57,(소)(대)장의 게실증,false
K574,천공 및 농양이 있는 소장과 대장 모두의 게실병,K57,(소)(대)장의 게실증,false
K5740,"출혈을 동반하지 않은 천공 및 농양이 있는 소장과 대장 모두의 게실병, 게실증",K57,(소)(대)장의 게실증,false
K5741,"출혈을 동반한 천공 및 농양이 있는 소장과 대장 모두의 게실병, 게실증",K57,(소)(대)장의 게실증,false
K5742,"출혈을 동반하지 않은 천공 및 농양이 있는 소장과 대장 모두의 게실병, 게실염",K57,(소)(대)장의 게실증,false
K5743,"출혈을 동반한 천공 및 농양이 있는 소장과 대장 모두의 게실병, 게실염",K57,(소)(대)장의 게실증,false
K575,천공 또는 농양이 없는 소장과 대장 모두의 게실병,K57,(소)(대)장의 게실증,false
K5750,"출혈을 동반하지 않은, 천공 또는 농양이 없는 소장과 대장 모두의 게실병, 게실증",K57,(소)(대)장의 게실증,false
K5751,"출혈을 동반한, 천공 또는 농양이 없는 소장과 대장 모두의 게실병, 게실증",K57,(소)(대)장의 게실증,false
K5752,"출혈을 동반하지 않은 천공 또는 농양이 없는 소장과 대장 모두의 게실병, 게실염",K57,(소)(대)장의 게실증,false
K5753,"출혈을 동반한 천공 또는 농양이 없는 소장과 대장 모두의 게실병, 게실염,",K57,(소)(대)장의 게실증,false
K578,천공 및 농양이 있는 상세불명 부분의 장의 게실병,K57,(소)(대)장의 게실증,false
K5780,"출혈을 동반하지 않은 천공 및 농양이 있는 상세불명 부분의 장의 게실병, 게실증",K57,(소)(대)장의 게실증,false
K5781,"출혈을 동반한 천공 및 농양이 있는 상세불명 부분의 장의 게실병, 게실증",K57,(소)(대)장의 게실증,false
K5782,"출혈을 동반하지 않은 천공 및 농양이 있는 상세불명 부분의 장의 게실병, 게실염",K57,(소)(대)장의 게실증,false
K5783,"출혈을 동반한 천공 및 농양이 있는 상세불명 부분의 장의 게실병, 게실염",K57,(소)(대)장의 게실증,false
K579,천공 또는 농양이 없는 상세불명 부분의 장의 게실병,K57,(소)(대)장의 게실증,false
K5790,"출혈을 동반하지 않은 천공 또는 농양이 없는 상세불명 부분의 장의 게실병, 게실증",K57,(소)(대)장의 게실증,false
K5791,"출혈을 동반한 천공 또는 농양이 없는 상세불명 부분의 장의 게실병, 게실증",K57,(소)(대)장의 게실증,false
K5792,"출혈을 동반하지 않은 천공 또는 농양이 없는 상세불명 부분의 장의 게실병, 게실염",K57,(소)(대)장의 게실증,false
K5793,"출혈을 동반한 천공 또는 농양이 없는 상세불명 부분의 장의 게실병, 게실염",K57,(소)(대)장의 게실증,false
K58,과민대장증후군,K58,과민성장증후군,true
K581,설사 위주의 과민대장증후군 [IBS-D],K58,과민성장증후군,false
K582,변비 위주의 과민대장증후군 [IBS-C],K58,과민성장증후군,false
K583,혼합형 과민대장증후군 [IBS-M],K58,과민성장증후군,false
K588,기타 및 상세불명 유형의 과민대장 증후군,K58,과민성장증후군,false
K590,변비,K590,변비,true
K5900,서행성 변비,K590,변비,false
K5901,출구기능장애변비,K590,변비,false
K5902,출구기능장애가 동반된 서행성 변비,K590,변비,false
K5909,기타 및 상세불명 변비,K590,변비,false
K7030,복수를 동반하지 않은 알코올성 간경변증,K7030,간경변증,true
K71,독성간질환,K71,독성간질환,true
K710,담즙정체를 동반한 독성간질환,K71,독성간질환,false
K711,간괴사를 동반한 독성간질환,K71,독성간질환,false
K7110,혼수를 동반하지 않은 간괴사를 동반한 독성간질환,K71,독성간질환,false
K7111,혼수를 동반한 간괴사를 동반한 독성간질환,K71,독성간질환,false
K712,급성 간염을 동반한 독성간질환,K71,독성간질환,false
K713,만성 지속성 간염을 동반한 독성간질환,K71,독성간질환,false
K714,만성 소엽성 간염을 동반한 독성간질환,K71,독성간질환,false
K715,만성 활동성 간염을 동반한 독성간질환,K71,독성간질환,false
K7150,복수를 동반하지 않은 만성 활동성 간염을 동반한 독성 간질환,K71,독성간질환,false
K7151,복수를 동반한 만성 활동성 간염을 동반한 독성 간질환,K71,독성간질환,false
K716,달리 분류되지 않은 간염을 동반한 독성간질환,K71,독성간질환,false
K717,간의 섬유증 및 경변증을 동반한 독성간질환,K71,독성간질환,false
K718,간의 기타 장애를 동반한 독성간질환,K71,독성간질환,false
K719,상세불명의 독성간질환,K71,독성간질환,false
K720,급성 및 아급성 간부전,K720,급성 및 아급성 간부전,true
K7200,혼수를 동반하지 않은 급성 및 아급성 간부전,K720,급성 및 아급성 간부전,false
K7201,혼수를 동반한 급성 및 아급성 간부전,K720,급성 및 아급성 간부전,false
K760,달리 분류되지 않은 지방(변화성)간,K760,지방간,true
K764,간자반증,K764,간혈관종,true
K766,문맥고혈압,I10,고혈압,false
K808,기타 담석증,K808,담석증,true
K8080,폐색의 언급이 없는 기타 담석증,K808,담석증,false
K8081,폐색을 동반한 기타 담석증,K808,담석증,false
K810,급성 담낭염,K810,담낭염,true
K830,담관염,K830,담관염,true
L039,상세불명의 연조직염,L039,연조직염,true
L05,모소낭,L05,모소낭,true
L050,농양이 있는 모소낭,L05,모소낭,false
L059,농양이 없는 모소낭,L05,모소낭,false
L20,아토피성 피부염,L20,아토피피부염,true
L200,베스니에가려움발진,L20,아토피피부염,false
L208,기타 아토피성 피부염,L20,아토피피부염,false
L2084,중등증 아토피성 피부염,L20,아토피피부염,false
L2085,중증 아토피성 피부염,L20,아토피피부염,false
L2088,기타 아토피성 피부염,L20,아토피피부염,false
L209,상세불명의 아토피성 피부염,L20,아토피피부염,false
L218,기타 지루피부염,L218,지루 피부염,true
L22,기저귀[냅킨]피부염,L22,기저귀[냅킨]피부염,true
L24,자극물접촉피부염,L24,자극접촉피부염,true
L240,세제에 의한 자극물접촉피부염,L24,자극접촉피부염,false
L241,기름 및 그리스에 의한 자극물접촉피부염,L24,자극접촉피부염,false
L242,용제에 의한 자극물접촉피부염,L24,자극접촉피부염,false
L243,화장품에 의한 자극물접촉피부염,L24,자극접촉피부염,false
L244,피부에 묻은 약물에 의한 자극물접촉피부염,L24,자극접촉피부염,false
L245,기타 화학물질에 의한 자극물접촉피부염,L24,자극접촉피부염,false
L246,피부에 묻은 음식물에 의한 자극물접촉피부염,L24,자극접촉피부염,false
L247,음식물을 제외한 식물에 의한 자극물접촉피부염,L24,자극접촉피부염,false
L248,기타 요인에 의한 자극물접촉피부염,L24,자극접촉피부염,false
L249,상세불명 원인의 자극물접촉피부염,L24,자극접촉피부염,false
L309,상세불명의 피부염,L309,습진,true
L40,건선,L40,건선,true
L400,보통건선,L40,건선,false
L4000,중증 보통건선,L40,건선,false
L4001,중등증 보통건선,L40,건선,false
L4002,경증 보통건선,L40,건선,false
L4008,기타 및 상세불명의 보통건선,L40,건선,false
L401,전신농포건선,L40,건선,false
L402,연속성 말단피부염,L40,건선,false
L403,손발바닥농포증,L40,건선,false
L404,물방울건선,L40,건선,false
L405,"관절병성 건선(M07.0-M07.3*, M09.0*)",L40,건선,false
L408,기타 건선,L40,건선,false
L409,상세불명의 건선,L40,건선,false
L50,두드러기,L50,두드러기,true
L500,알레르기성 두드러기,L50,두드러기,false
L501,특발성 두드러기,L50,두드러기,false
L502,한랭 및 열에 의한 두드러기,L50,두드러기,false
L5020,한랭에 의한 두드러기,L50,두드러기,false
L5021,열에 의한 두드러기,L50,두드러기,false
L503,피부묘기성 두드러기,L50,두드러기,false
L504,진동성 두드러기,L50,두드러기,false
L505,콜린성 두드러기,L50,두드러기,false
L506,접촉두드러기,L50,두드러기,false
L508,기타 두드러기,L508,두드러기,true
L5080,만성 두드러기,L508,두드러기,false
L5081,재발성 주기성 두드러기,L508,두드러기,false
L5088,기타 두드러기,L508,두드러기,false
L509,상세불명의 두드러기,L50,두드러기,false
L558,기타 일광화상,L558,일광화상,true
L648,기타 안드로젠탈모증,L648,안드로젠탈모증,true
L660,거짓원형탈모증,L660,원형탈모,true
L708,기타 여드름,L708,여드름,true
L89,욕창궤양 및 압박부위,L89,욕창,true
L890,욕창궤양 및 압박부위 제1단계,L89,욕창,false
L891,욕창궤양 및 압박부위 제2단계,L89,욕창,false
L892,욕창궤양 및 압박부위 제3단계,L89,욕창,false
L893,욕창궤양 및 압박부위 제4단계,L89,욕창,false
L899,상세불명의 욕창궤양 및 압박부위,L89,욕창,false
M06,기타 류마티스관절염,M06,류마티스관절염,true
M060,혈청검사음성 류마티스관절염,M06,류마티스관절염,false
M0600,"혈청검사음성 류마티스관절염, 여러 부위",M06,류마티스관절염,false
M0601,"혈청검사음성 류마티스관절염, 어깨부분",M06,류마티스관절염,false
M0602,"혈청검사음성 류마티스관절염, 위팔",M06,류마티스관절염,false
M0603,"혈청검사음성 류마티스관절염, 아래팔",M06,류마티스관절염,false
M0604,"혈청검사음성 류마티스관절염, 손",M06,류마티스관절염,false
M0605,"혈청검사음성 류마티스관절염, 골반 부분 및 대퇴",M06,류마티스관절염,false
M0606,"혈청검사음성 류마티스관절염, 아래다리",M06,류마티스관절염,false
M0607,"혈청검사음성 류마티스관절염, 발목 및 발",M06,류마티스관절염,false
M0608,"혈청검사음성 류마티스관절염, 기타 부분",M06,류마티스관절염,false
M0609,"혈청검사음성 류마티스관절염, 상세불명 부분",M06,류마티스관절염,false
M061,성인발병 스틸병,M06,류마티스관절염,false
M0610,"성인발병 스틸병, 여러 부위",M06,류마티스관절염,false
M0611,"성인발병 스틸병, 어깨부분",M06,류마티스관절염,false
M0612,"성인발병 스틸병, 위팔",M06,류마티스관절염,false
M0613,"성인발병 스틸병, 아래팔",M06,류마티스관절염,false
M0614,"성인발병 스틸병, 손",M06,류마티스관절염,false
M0615,"성인발병 스틸병, 골반 부분 및 대퇴",M06,류마티스관절염,false
M0616,"성인발병 스틸병, 아래다리",M06,류마티스관절염,false
M0617,"성인발병 스틸병, 발목 및 발",M06,류마티스관절염,false
M0618,"성인발병 스틸병, 기타 부분",M06,류마티스관절염,false
M0619,"성인발병 스틸병, 상세불명 부분",M06,류마티스관절염,false
M062,류마티스윤활낭염,M06,류마티스관절염,false
M0620,"류마티스윤활낭염, 여러 부위",M06,류마티스관절염,false
M0621,"류마티스윤활낭염, 어깨부분",M06,류마티스관절염,false
M0622,"류마티스윤활낭염, 위팔",M06,류마티스관절염,false
M0623,"류마티스윤활낭염, 아래팔",M06,류마티스관절염,false
M0624,"류마티스윤활낭염, 손",M06,류마티스관절염,false
M0625,"류마티스윤활낭염, 골반 부분 및 대퇴",M06,류마티스관절염,false
M0626,"류마티스윤활낭염, 아래다리",M06,류마티스관절염,false
M0627,"류마티스윤활낭염, 발목 및 발",M06,류마티스관절염,false
M0628,"류마티스윤활낭염, 기타 부분",M06,류마티스관절염,false
M0629,"류마티스윤활낭염, 상세불명 부분",M06,류마티스관절염,false
M063,류마티스소결절,M06,류마티스관절염,false
M0630,"류마티스소결절, 여러 부위",M06,류마티스관절염,false
M0631,"류마티스소결절, 어깨부분",M06,류마티스관절염,false
M0632,"류마티스소결절, 위팔",M06,류마티스관절염,false
M0633,"류마티스소결절, 아래팔",M06,류마티스관절염,false
M0634,"류마티스소결절, 손",M06,류마티스관절염,false
M0635,"류마티스소결절, 골반 부분 및 대퇴",M06,류마티스관절염,false
M0636,"류마티스소결절, 아래다리",M06,류마티스관절염,false
M0637,"류마티스소결절, 발목 및 발",M06,류마티스관절염,false
M0638,"류마티스소결절, 기타 부분",M06,류마티스관절염,false
M0639,"류마티스소결절, 상세불명 부분",M06,류마티스관절염,false
M064,염증성 다발관절병증,M06,류마티스관절염,false
M0640,"염증성 다발관절병증, 여러 부위",M06,류마티스관절염,false
M0641,"염증성 다발관절병증, 어깨부분",M06,류마티스관절염,false
M0642,"염증성 다발관절병증, 위팔",M06,류마티스관절염,false
M0643,"염증성 다발관절병증, 아래팔",M06,류마티스관절염,false
M0644,"염증성 다발관절병증, 손",M06,류마티스관절염,false
M0645,"염증성 다발관절병증, 골반 부분 및 대퇴",M06,류마티스관절염,false
M0646,"염증성 다발관절병증, 아래다리",M06,류마티스관절염,false
M0647,"염증성 다발관절병증, 발목 및 발",M06,류마티스관절염,false
M0648,"염증성 다발관절병증, 기타 부분",M06,류마티스관절염,false
M0649,"염증성 다발관절병증, 상세불명 부분",M06,류마티스관절염,false
M068,기타 명시된 류마티스관절염,M06,류마티스관절염,false
M0680,"기타 명시된 류마티스관절염, 여러 부위",M06,류마티스관절염,false
M06800,"경도 기타 명시된 류마티스관절염, 여러 부위",M06,류마티스관절염,false
M06801,"중등도 기타 명시된 류마티스관절염, 여러 부위",M06,류마티스관절염,false
M06802,"중증 기타 명시된 류마티스관절염, 여러 부위",M06,류마티스관절염,false
M06809,"상세불명 기타 명시된 류마티스관절염, 여러 부위",M06,류마티스관절염,false
M0681,"기타 명시된 류마티스관절염, 어깨부분",M06,류마티스관절염,false
M06810,"경도 기타 명시된 류마티스관절염, 어깨부분",M06,류마티스관절염,false
M06811,"중등도 기타 명시된 류마티스관절염, 어깨부분",M06,류마티스관절염,false
M06812,"중증 기타 명시된 류마티스관절염, 어깨부분",M06,류마티스관절염,false
M06819,"상세불명 기타 명시된 류마티스관절염, 어깨부분",M06,류마티스관절염,false
M0682,"기타 명시된 류마티스관절염, 위팔",M06,류마티스관절염,false
M06820,"경도 기타 명시된 류마티스관절염, 위팔",M06,류마티스관절염,false
M06821,"중등도 기타 명시된 류마티스관절염, 위팔",M06,류마티스관절염,false
M06822,"중증 기타 명시된 류마티스관절염, 위팔",M06,류마티스관절염,false
M06829,"상세불명 기타 명시된 류마티스관절염, 위팔",M06,류마티스관절염,false
M0683,"기타 명시된 류마티스관절염, 아래팔",M06,류마티스관절염,false
M06830,"경도 기타 명시된 류마티스관절염, 아래팔",M06,류마티스관절염,false
M06831,"중등도 기타 명시된 류마티스관절염, 아래팔",M06,류마티스관절염,false
M06832,"중증 기타 명시된 류마티스관절염, 아래팔",M06,류마티스관절염,false
M06839,"상세불명 기타 명시된 류마티스관절염, 아래팔",M06,류마티스관절염,false
M0684,"기타 명시된 류마티스관절염, 손",M06,류마티스관절염,false
M06840,"경도 기타 명시된 류마티스관절염, 손",M06,류마티스관절염,false
M06841,"중등도 기타 명시된 류마티스관절염, 손",M06,류마티스관절염,false
M06842,"중증 기타 명시된 류마티스관절염, 손",M06,류마티스관절염,false
M06849,"상세불명 기타 명시된 류마티스관절염, 손",M06,류마티스관절염,false
M0685,"기타 명시된 류마티스관절염, 골반 부분 및 대퇴",M06,류마티스관절염,false
M06850,"경도 기타 명시된 류마티스관절염, 골반 부분 및 대퇴",M06,류마티스관절염,false
M06851,"중등도 기타 명시된 류마티스관절염, 골반 부분 및 대퇴",M06,류마티스관절염,false
M06852,"중증 기타 명시된 류마티스관절염, 골반 부분 및 대퇴",M06,류마티스관절염,false
M06859,"상세불명 기타 명시된 류마티스관절염, 골반 부분 및 대퇴",M06,류마티스관절염,false
M0686,"기타 명시된 류마티스관절염, 아래다리",M06,류마티스관절염,false
M06860,"경도 기타 명시된 류마티스관절염, 아래다리",M06,류마티스관절염,false
M06861,"중등도 기타 명시된 류마티스관절염, 아래다리",M06,류마티스관절염,false
M06862,"중증 기타 명시된 류마티스관절염, 아래다리",M06,류마티스관절염,false
M06869,"상세불명 기타 명시된 류마티스관절염, 아래다리",M06,류마티스관절염,false
M0687,"기타 명시된 류마티스관절염, 발목 및 발",M06,류마티스관절염,false
M06870,"경도 기타 명시된 류마티스관절염, 발목 및 발",M06,류마티스관절염,false
M06871,"중등도 기타 명시된 류마티스관절염, 발목 및 발",M06,류마티스관절염,false
M06872,"중증 기타 명시된 류마티스관절염, 발목 및 발",M06,류마티스관절염,false
M06879,"상세불명 기타 명시된 류마티스관절염, 발목 및 발",M06,류마티스관절염,false
M0688,"기타 명시된 류마티스관절염, 기타 부분",M06,류마티스관절염,false
M06880,"경도 기타 명시된 류마티스관절염, 기타 부분",M06,류마티스관절염,false
M06881,"중등도 기타 명시된 류마티스관절염, 기타 부분",M06,류마티스관절염,false
M06882,"중증 기타 명시된 류마티스관절염, 기타 부분",M06,류마티스관절염,false
M06889,"상세불명 기타 명시된 류마티스관절염, 기타 부분",M06,류마티스관절염,false
M0689,"기타 명시된 류마티스관절염, 상세불명 부분",M06,류마티스관절염,false
M06890,"경도 기타 명시된 류마티스관절염, 상세불명 부분",M06,류마티스관절염,false
M06891,"중등도 기타 명시된 류마티스관절염, 상세불명 부분",M06,류마티스관절염,false
M06892,"중증 기타 명시된 류마티스관절염, 상세불명 부분",M06,류마티스관절염,false
M06899,"상세불명 기타 명시된 류마티스관절염, 상세불명 부분",M06,류마티스관절염,false
M069,상세불명의 류마티스관절염,M06,류마티스관절염,false
M0690,"상세불명의 류마티스관절염, 여러 부위",M06,류마티스관절염,false
M06900,"경도 상세불명의 류마티스관절염, 여러 부위",M06,류마티스관절염,false
M06901,"중등도 상세불명의 류마티스관절염, 여러 부위",M06,류마티스관절염,false
M06902,"중증 상세불명의 류마티스관절염, 여러 부위",M06,류마티스관절염,false
M06909,"상세불명 상세불명의 류마티스관절염, 여러 부위",M06,류마티스관절염,false
M0691,"상세불명의 류마티스관절염, 어깨부분",M06,류마티스관절염,false
M06910,"경도 상세불명의 류마티스관절염, 어깨부분",M06,류마티스관절염,false
M06911,"중등도 상세불명의 류마티스관절염, 어깨부분",M06,류마티스관절염,false
M06912,"중증 상세불명의 류마티스관절염, 어깨부분",M06,류마티스관절염,false
M06919,"상세불명 상세불명의 류마티스관절염, 어깨부분",M06,류마티스관절염,false
M0692,"상세불명의 류마티스관절염, 위팔",M06,류마티스관절염,false
M06920,"경도 상세불명의 류마티스관절염, 위팔",M06,류마티스관절염,false
M06921,"중등도 상세불명의 류마티스관절염, 위팔",M06,류마티스관절염,false
M06922,"중증 상세불명의 류마티스관절염, 위팔",M06,류마티스관절염,false
M06929,"상세불명 상세불명의 류마티스관절염, 위팔",M06,류마티스관절염,false
M0693,"상세불명의 류마티스관절염, 아래팔",M06,류마티스관절염,false
M06930,"경도 상세불명의 류마티스관절염, 아래팔",M06,류마티스관절염,false
M06931,"중등도 상세불명의 류마티스관절염, 아래팔",M06,류마티스관절염,false
M06932,"중증 상세불명의 류마티스관절염, 아래팔",M06,류마티스관절염,false
M06939,"상세불명 상세불명의 류마티스관절염, 아래팔",M06,류마티스관절염,false
M0694,"상세불명의 류마티스관절염, 손",M06,류마티스관절염,false
M06940,"경도 상세불명의 류마티스관절염, 손",M06,류마티스관절염,false
M06941,"중등도 상세불명의 류마티스관절염, 손",M06,류마티스관절염,false
M06942,"중증 상세불명의 류마티스관절염, 손",M06,류마티스관절염,false
M06949,"상세불명 상세불명의 류마티스관절염, 손",M06,류마티스관절염,false
M0695,"상세불명의 류마티스관절염, 골반 부분 및 대퇴",M06,류마티스관절염,false
M06950,"경도 상세불명의 류마티스관절염, 골반 부분 및 대퇴",M06,류마티스관절염,false
M06951,"중등도 상세불명의 류마티스관절염, 골반 부분 및 대퇴",M06,류마티스관절염,false
M06952,"중증 상세불명의 류마티스관절염, 골반 부분 및 대퇴",M06,류마티스관절염,false
M06959,"상세불명 상세불명의 류마티스관절염, 골반 부분 및 대퇴",M06,류마티스관절염,false
M0696,"상세불명의 류마티스관절염, 아래다리",M06,류마티스관절염,false
M06960,"경도 상세불명의 류마티스관절염, 아래다리",M06,류마티스관절염,false
M06961,"중등도 상세불명의 류마티스관절염, 아래다리",M06,류마티스관절염,false
M06962,"중증 상세불명의 류마티스관절염, 아래다리",M06,류마티스관절염,false
M06969,"상세불명 상세불명의 류마티스관절염, 아래다리",M06,류마티스관절염,false
M0697,"상세불명의 류마티스관절염, 발목 및 발",M06,류마티스관절염,false
M06970,"경도 상세불명의 류마티스관절염, 발목 및 발",M06,류마티스관절염,false
M06971,"중등도 상세불명의 류마티스관절염, 발목 및 발",M06,류마티스관절염,false
M06972,"중증 상세불명의 류마티스관절염, 발목 및 발",M06,류마티스관절염,false
M06979,"상세불명 상세불명의 류마티스관절염, 발목 및 발",M06,류마티스관절염,false
M0698,"상세불명의 류마티스관절염, 기타 부분",M06,류마티스관절염,false
M06980,"경도 상세불명의 류마티스관절염, 기타 부분",M06,류마티스관절염,false
M06981,"중등도 상세불명의 류마티스관절염, 기타 부분",M06,류마티스관절염,false
M06982,"중증 상세불명의 류마티스관절염, 기타 부분",M06,류마티스관절염,false
M06989,"상세불명 상세불명의 류마티스관절염, 기타 부분",M06,류마티스관절염,false
M0699,"상세불명의 류마티스관절염, 상세불명 부분",M06,류마티스관절염,false
M06990,"경도 상세불명의 류마티스관절염, 상세불명 부분",M06,류마티스관절염,false
M06991,"중등도 상세불명의 류마티스관절염, 상세불명 부분",M06,류마티스관절염,false
M06992,"중증 상세불명의 류마티스관절염, 상세불명 부분",M06,류마티스관절염,false
M06999,"상세불명 상세불명의 류마티스관절염, 상세불명 부분",M06,류마티스관절염,false
M142,당뇨병성 관절병증(4단위 및 5단위 숫자 .60에 해당되는 E10-E14†),E14,당뇨병,false
M17,무릎관절증,M17,무릎관절증,true
M170,양쪽 원발성 무릎관절증,M17,무릎관절증,false
M171,기타 원발성 무릎관절증,M17,무릎관절증,false
M172,양쪽 외상후 무릎관절증,M17,무릎관절증,false
M173,기타 외상후 무릎관절증,M17,무릎관절증,false
M174,기타 양쪽 이차성 무릎관절증,M17,무릎관절증,false
M175,기타 이차성 무릎관절증,M17,무릎관절증,false
M179,상세불명의 무릎관절증,M17,무릎관절증,false
M19,기타 관절증,M19,관절증,true
M190,기타 관절의 원발성 관절증,M19,관절증,false
M1900,"기타 관절의 원발성 관절증, 여러 부위",M19,관절증,false
M1901,"기타 관절의 원발성 관절증, 어깨부분",M19,관절증,false
M1902,"기타 관절의 원발성 관절증, 위팔",M19,관절증,false
M1903,"기타 관절의 원발성 관절증, 아래팔",M19,관절증,false
M1904,"기타 관절의 원발성 관절증, 손",M19,관절증,false
M1905,"기타 관절의 원발성 관절증, 골반 부분 및 대퇴",M19,관절증,false
M1906,"기타 관절의 원발성 관절증, 아래다리",M19,관절증,false
M1907,"기타 관절의 원발성 관절증, 발목 및 발",M19,관절증,false
M1908,"기타 관절의 원발성 관절증, 기타 부분",M19,관절증,false
M1909,"기타 관절의 원발성 관절증, 상세불명 부분",M19,관절증,false
M191,기타 관절의 외상후 관절증,M19,관절증,false
M1910,"기타 관절의 외상후 관절증, 여러 부위",M19,관절증,false
M1911,"기타 관절의 외상후 관절증, 어깨부분",M19,관절증,false
M1912,"기타 관절의 외상후 관절증, 위팔",M19,관절증,false
M1913,"기타 관절의 외상후 관절증, 아래팔",M19,관절증,false
M1914,"기타 관절의 외상후 관절증, 손",M19,관절증,false
M1915,"기타 관절의 외상후 관절증, 골반 부분 및 대퇴",M19,관절증,false
M1916,"기타 관절의 외상후 관절증, 아래다리",M19,관절증,false
M1917,"기타 관절의 외상후 관절증, 발목 및 발",M19,관절증,false
M1918,"기타 관절의 외상후 관절증, 기타 부분",M19,관절증,false
M1919,"기타 관절의 외상후 관절증, 상세불명 부분",M19,관절증,false
M192,기타 이차성 관절증,M19,관절증,false
M1920,"기타 이차성 관절증, 여러 부위",M19,관절증,false
M1921,"기타 이차성 관절증, 어깨부분",M19,관절증,false
M1922,"기타 이차성 관절증, 위팔",M19,관절증,false
M1923,"기타 이차성 관절증, 아래팔",M19,관절증,false
M1924,"기타 이차성 관절증, 손",M19,관절증,false
M1925,"기타 이차성 관절증, 골반 부분 및 대퇴",M19,관절증,false
M1926,"기타 이차성 관절증, 아래다리",M19,관절증,false
M1927,"기타 이차성 관절증, 발목 및 발",M19,관절증,false
M1928,"기타 이차성 관절증, 기타 부분",M19,관절증,false
M1929,"기타 이차성 관절증, 상세불명 부분",M19,관절증,false
M198,기타 명시된 관절증,M19,관절증,false
M1980,"기타 명시된 관절증, 여러 부위",M19,관절증,false
M1981,"기타 명시된 관절증, 어깨부분",M19,관절증,false
M1982,"기타 명시된 관절증, 위팔",M19,관절증,false
M1983,"기타 명시된 관절증, 아래팔",M19,관절증,false
M1984,"기타 명시된 관절증, 손",M19,관절증,false
M1985,"기타 명시된 관절증, 골반 부분 및 대퇴",M19,관절증,false
M1986,"기타 명시된 관절증, 아래다리",M19,관절증,false
M1987,"기타 명시된 관절증, 발목 및 발",M19,관절증,false
M1988,"기타 명시된 관절증, 기타 부분",M19,관절증,false
M1989,"기타 명시된 관절증, 상세불명 부분",M19,관절증,false
M199,상세불명의 관절증,M19,관절증,false
M1990,"상세불명의 관절증, 여러 부위",M19,관절증,false
M1991,"상세불명의 관절증, 어깨부분",M19,관절증,false
M1992,"상세불명의 관절증, 위팔",M19,관절증,false
M1993,"상세불명의 관절증, 아래팔",M19,관절증,false
M1994,"상세불명의 관절증, 손",M19,관절증,false
M1995,"상세불명의 관절증, 골반 부분 및 대퇴",M19,관절증,false
M1996,"상세불명의 관절증, 아래다리",M19,관절증,false
M1997,"상세불명의 관절증, 발목 및 발",M19,관절증,false
M1998,"상세불명의 관절증, 기타 부분",M19,관절증,false
M1999,"상세불명의 관절증, 상세불명 부분",M19,관절증,false
M51,기타 추간판장애,M51,추간판장애,true
M510,척수병증을 동반한 요추 및 기타 추간판장애(G99.2*),M51,추간판장애,false
M511,신경뿌리병증을 동반한 요추 및 기타 추간판장애(G55.1*),M51,추간판장애,false
M512,기타 명시된 추간판전위,M51,추간판장애,false
M513,기타 명시된 추간판변성,M51,추간판장애,false
M514,쉬몰결절,M51,추간판장애,false
M518,기타 명시된 추간판장애,M51,추간판장애,false
M519,상세불명의 추간판장애,M51,추간판장애,false
M54,등통증,M54,등통증,true
M540,목 및 등을 침범하는 지방층염,M54,등통증,false
M5400,"목 및 등을 침범하는 지방층염, 척추의 여러 부위",M54,등통증,false
M5401,"목 및 등을 침범하는 지방층염, 후두환축부",M54,등통증,false
M5402,"목 및 등을 침범하는 지방층염, 경부",M54,등통증,false
M5403,"목 및 등을 침범하는 지방층염, 경흉추부",M54,등통증,false
M5404,"목 및 등을 침범하는 지방층염, 흉추부",M54,등통증,false
M5405,"목 및 등을 침범하는 지방층염, 흉요추부",M54,등통증,false
M5406,"목 및 등을 침범하는 지방층염, 요추부",M54,등통증,false
M5407,"목 및 등을 침범하는 지방층염, 요천부",M54,등통증,false
M5408,"목 및 등을 침범하는 지방층염, 천추 및 천미추부",M54,등통증,false
M5409,"목 및 등을 침범하는 지방층염, 상세불명의 부위",M54,등통증,false
M541,신경뿌리병증,M54,등통증,false
M5410,"신경뿌리병증, 척추의 여러 부위",M54,등통증,false
M5411,"신경뿌리병증, 후두환축부",M54,등통증,false
M5412,"신경뿌리병증, 경부",M54,등통증,false
M5413,"신경뿌리병증, 경흉추부",M54,등통증,false
M5414,"신경뿌리병증, 흉추부",M54,등통증,false
M5415,"신경뿌리병증, 흉요추부",M54,등통증,false
M5416,"신경뿌리병증, 요추부",M54,등통증,false
M5417,"신경뿌리병증, 요천부",M54,등통증,false
M5418,"신경뿌리병증, 천추 및 천미추부",M54,등통증,false
M5419,"신경뿌리병증, 상세불명의 부위",M54,등통증,false
M542,경추통,M54,등통증,false
M5420,"경추통, 척추의 여러 부위",M54,등통증,false
M5421,"경추통, 후두환축부",M54,등통증,false
M5422,"경추통, 경부",M54,등통증,false
M5423,"경추통, 경흉추부",M54,등통증,false
M5429,"경추통, 상세불명의 부위",M54,등통증,false
M543,좌골신경통,M543,좌골신경통,true
M5430,"좌골신경통, 척추의 여러 부위",M543,좌골신경통,false
M5436,"좌골신경통, 요추부",M543,좌골신경통,false
M5437,"좌골신경통, 요천부",M543,좌골신경통,false
M5438,"좌골신경통, 천추 및 천미추부",M543,좌골신경통,false
M5439,"좌골신경통, 상세불명의 부위",M543,좌골신경통,false
M544,좌골신경통을 동반한 요통,M54,등통증,false
M5440,"좌골신경통을 동반한 요통, 척추의 여러 부위",M54,등통증,false
M5445,"좌골신경통을 동반한 요통, 흉요추부",M54,등통증,false
M5446,"좌골신경통을 동반한 요통, 요추부",M54,등통증,false
M5447,"좌골신경통을 동반한 요통, 요천부",M54,등통증,false
M5448,"좌골신경통을 동반한 요통, 천추 및 천미추부",M54,등통증,false
M5449,"좌골신경통을 동반한 요통, 상세불명의 부위",M54,등통증,false
M545,요통,M545,요통,true
M5450,"요통, 척추의 여러 부위",M545,요통,false
M5455,"요통, 흉요추부",M545,요통,false
M5456,"요통, 요추부",M545,요통,false
M5457,"요통, 요천부",M545,요통,false
M5458,"요통, 천추 및 천미추부",M545,요통,false
M5459,"요통, 상세불명의 부위",M545,요통,false
M546,흉추통증,M54,등통증,false
M5460,"흉추통증, 척추의 여러 부위",M54,등통증,false
M5463,"흉추통증, 경흉추부",M54,등통증,false
M5464,"흉추통증, 흉추부",M54,등통증,false
M5465,"흉추통증, 흉요추부",M54,등통증,false
M5469,"흉추통증, 상세불명의 부위",M54,등통증,false
M548,기타 등통증,M54,등통증,false
M5480,"기타 등통증, 척추의 여러 부위",M54,등통증,false
M5481,"기타 등통증, 후두환축부",M54,등통증,false
M5482,"기타 등통증, 경부",M54,등통증,false
M5483,"기타 등통증, 경흉추부",M54,등통증,false
M5484,"기타 등통증, 흉추부",M54,등통증,false
M5485,"기타 등통증, 흉요추부",M54,등통증,false
M5486,"기타 등통증, 요추부",M54,등통증,false
M5487,"기타 등통증, 요천부",M54,등통증,false
M5488,"기타 등통증, 천추 및 천미추부",M54,등통증,false
M5489,"기타 등통증, 상세불명의 부위",M54,등통증,false
M549,상세불명의 등통증,M54,등통증,false
M5490,"상세불명의 등통증, 척추의 여러 부위",M54,등통증,false
M5491,"상세불명의 등통증, 후두환축부",M54,등통증,false
M5492,"상세불명의 등통증, 경부",M54,등통증,false
M5493,"상세불명의 등통증, 경흉추부",M54,등통증,false
M5494,"상세불명의 등통증, 흉추부",M54,등통증,false
M5495,"상세불명의 등통증, 흉요추부",M54,등통증,false
M5496,"상세불명의 등통증, 요추부",M54,등통증,false
M5497,"상세불명의 등통증, 요천부",M54,등통증,false
M5498,"상세불명의 등통증, 천추 및 천미추부",M54,등통증,false
M5499,"상세불명의 등통증, 상세불명의 부위",M54,등통증,false
M75,어깨병변,M75,어깨병변,true
M750,어깨의 유착성 관절낭염,M750,오십견,true
M751,회전근개증후군,M75,어깨병변,false
M752,이두근 힘줄염,M75,어깨병변,false
M753,어깨의 석회성 힘줄염,M75,어깨병변,false
M754,어깨의 충격증후군,M75,어깨병변,false
M755,어깨의 윤활낭염,M75,어깨병변,false
M756,퇴행성 어깨관절 와순의 찢김,M75,어깨병변,false
M758,기타 어깨병변,M75,어깨병변,false
M759,상세불명의 어깨병변,M75,어깨병변,false
M79,달리 분류되지 않은 기타 연조직장애,M79,연조직장애,true
M790,상세불명의 류마티스,M79,연조직장애,false
M7900,"상세불명의 류마티스, 여러 부위",M79,연조직장애,false
M7901,"상세불명의 류마티스, 어깨부분",M79,연조직장애,false
M7902,"상세불명의 류마티스, 위팔",M79,연조직장애,false
M7903,"상세불명의 류마티스, 아래팔",M79,연조직장애,false
M7904,"상세불명의 류마티스, 손",M79,연조직장애,false
M7905,"상세불명의 류마티스, 골반 부분 및 대퇴",M79,연조직장애,false
M7906,"상세불명의 류마티스, 아래다리",M79,연조직장애,false
M7907,"상세불명의 류마티스, 발목 및 발",M79,연조직장애,false
M7908,"상세불명의 류마티스, 기타 부분",M79,연조직장애,false
M7909,"상세불명의 류마티스, 상세불명 부분",M79,연조직장애,false
M791,근통,M79,연조직장애,false
M7910,"근통, 여러 부위",M79,연조직장애,false
M79100,"근근막통증후군, 여러 부위",M79,연조직장애,false
M79108,"기타 근통, 여러 부위",M79,연조직장애,false
M7911,"근통, 어깨부분",M79,연조직장애,false
M79110,"근근막통증후군, 어깨부분",M79,연조직장애,false
M79118,"기타 근통, 어깨부분",M79,연조직장애,false
M7912,"근통, 위팔",M79,연조직장애,false
M79120,"근근막통증후군, 위팔",M79,연조직장애,false
M79128,"기타 근통, 위팔",M79,연조직장애,false
M7913,"근통, 아래팔",M79,연조직장애,false
M79130,"근근막통증후군, 아래팔",M79,연조직장애,false
M79138,"기타 근통, 아래팔",M79,연조직장애,false
M7914,"근통, 손",M79,연조직장애,false
M79140,"근근막통증후군, 손",M79,연조직장애,false
M79148,"기타 근통, 손",M79,연조직장애,false
M7915,"근통, 골반 부분 및 대퇴",M79,연조직장애,false
M79150,"근근막통증후군, 골반 부분 및 대퇴",M79,연조직장애,false
M79158,"기타 근통, 골반 부분 및 대퇴",M79,연조직장애,false
M7916,"근통, 아래다리",M79,연조직장애,false
M79160,"근근막통증후군, 아래다리",M79,연조직장애,false
M79168,"기타 근통, 아래다리",M79,연조직장애,false
M7917,"근통, 발목 및 발",M79,연조직장애,false
M79170,"근근막통증후군, 발목 및 발",M79,연조직장애,false
M79178,"기타 근통, 발목 및 발",M79,연조직장애,false
M7918,"근통, 기타 부분",M79,연조직장애,false
M79180,"근근막통증후군, 기타 부분",M79,연조직장애,false
M79188,"기타 근통, 기타 부분",M79,연조직장애,false
M7919,"근통, 상세불명 부분",M79,연조직장애,false
M79190,"근근막통증후군, 상세불명 부분",M79,연조직장애,false
M79198,"기타 근통, 상세불명 부분",M79,연조직장애,false
M792,상세불명의 신경통 및 신경염,M79,연조직장애,false
M7920,"상세불명의 신경통 및 신경염, 여러 부위",M79,연조직장애,false
M7921,"상세불명의 신경통 및 신경염, 어깨부분",M79,연조직장애,false
M7922,"상세불명의 신경통 및 신경염, 위팔",M79,연조직장애,false
M7923,"상세불명의 신경통 및 신경염, 아래팔",M79,연조직장애,false
M7924,"상세불명의 신경통 및 신경염, 손",M79,연조직장애,false
M7925,"상세불명의 신경통 및 신경염, 골반 부분 및 대퇴",M79,연조직장애,false
M7926,"상세불명의 신경통 및 신경염, 아래다리",M79,연조직장애,false
M7927,"상세불명의 신경통 및 신경염, 발목 및 발",M79,연조직장애,false
M7928,"상세불명의 신경통 및 신경염, 기타 부분",M79,연조직장애,false
M7929,"상세불명의 신경통 및 신경염, 상세불명 부분",M79,연조직장애,false
M793,상세불명의 지방층염,M79,연조직장애,false
M7930,"상세불명의 지방층염, 여러 부위",M79,연조직장애,false
M7931,"상세불명의 지방층염, 어깨부분",M79,연조직장애,false
M7932,"상세불명의 지방층염, 위팔",M79,연조직장애,false
M7933,"상세불명의 지방층염, 아래팔",M79,연조직장애,false
M7934,"상세불명의 지방층염, 손",M79,연조직장애,false
M7935,"상세불명의 지방층염, 골반 부분 및 대퇴",M79,연조직장애,false
M7936,"상세불명의 지방층염, 아래다리",M79,연조직장애,false
M7937,"상세불명의 지방층염, 발목 및 발",M79,연조직장애,false
M7938,"상세불명의 지방층염, 기타 부분",M79,연조직장애,false
M7939,"상세불명의 지방층염, 상세불명 부분",M79,연조직장애,false
M794,(무릎뼈밑) 지방체의 비대,M79,연조직장애,false
M795,연조직내의 잔류이물,M79,연조직장애,false
M7950,"연조직내의 잔류이물, 여러 부위",M79,연조직장애,false
M7951,"연조직내의 잔류이물, 어깨부분",M79,연조직장애,false
M7952,"연조직내의 잔류이물, 위팔",M79,연조직장애,false
M7953,"연조직내의 잔류이물, 아래팔",M79,연조직장애,false
M7954,"연조직내의 잔류이물, 손",M79,연조직장애,false
M7955,"연조직내의 잔류이물, 골반 부분 및 대퇴",M79,연조직장애,false
M7956,"연조직내의 잔류이물, 아래다리",M79,연조직장애,false
M7957,"연조직내의 잔류이물, 발목 및 발",M79,연조직장애,false
M7958,"연조직내의 잔류이물, 기타 부분",M79,연조직장애,false
M7959,"연조직내의 잔류이물, 상세불명 부분",M79,연조직장애,false
M796,사지의 통증,M79,연조직장애,false
M7960,"사지의 통증, 여러 부위",M79,연조직장애,false
M7962,"사지의 통증, 위팔",M79,연조직장애,false
M7963,"사지의 통증, 아래팔",M79,연조직장애,false
M7964,"사지의 통증, 손",M79,연조직장애,false
M7965,"사지의 통증, 골반 부분 및 대퇴",M79,연조직장애,false
M7966,"사지의 통증, 아래다리",M79,연조직장애,false
M7967,"사지의 통증, 발목 및 발",M79,연조직장애,false
M7969,"사지의 통증, 상세불명 부분",M79,연조직장애,false
M797,섬유근통,M79,연조직장애,false
M7970,"섬유근통, 여러 부위",M79,연조직장애,false
M7971,"섬유근통, 어깨부분",M79,연조직장애,false
M7972,"섬유근통, 위팔",M79,연조직장애,false
M7973,"섬유근통, 아래팔",M79,연조직장애,false
M7974,"섬유근통, 손",M79,연조직장애,false
M7975,"섬유근통, 골반 부분 및 대퇴",M79,연조직장애,false
M7976,"섬유근통, 아래다리",M79,연조직장애,false
M7977,"섬유근통, 발목 및 발",M79,연조직장애,false
M7978,"섬유근통, 기타 부분",M79,연조직장애,false
M7979,"섬유근통, 상세불명 부분",M79,연조직장애,false
M798,기타 명시된 연조직장애,M79,연조직장애,false
M7980,"기타 명시된 연조직장애, 여러 부위",M79,연조직장애,false
M7981,"기타 명시된 연조직장애, 어깨부분",M79,연조직장애,false
M7982,"기타 명시된 연조직장애, 위팔",M79,연조직장애,false
M7983,"기타 명시된 연조직장애, 아래팔",M79,연조직장애,false
M7984,"기타 명시된 연조직장애, 손",M79,연조직장애,false
M7985,"기타 명시된 연조직장애, 골반 부분 및 대퇴",M79,연조직장애,false
M7986,"기타 명시된 연조직장애, 아래다리",M79,연조직장애,false
M7987,"기타 명시된 연조직장애, 발목 및 발",M79,연조직장애,false
M7988,"기타 명시된 연조직장애, 기타 부분",M79,연조직장애,false
M7989,"기타 명시된 연조직장애, 상세불명 부분",M79,연조직장애,false
M799,상세불명의 연조직장애,M79,연조직장애,false
M7990,"상세불명의 연조직장애, 여러 부위",M79,연조직장애,false
M7991,"상세불명의 연조직장애, 어깨부분",M79,연조직장애,false
M7992,"상세불명의 연조직장애, 위팔",M79,연조직장애,false
M7993,"상세불명의 연조직장애, 아래팔",M79,연조직장애,false
M7994,"상세불명의 연조직장애, 손",M79,연조직장애,false
M7995,"상세불명의 연조직장애, 골반 부분 및 대퇴",M79,연조직장애,false
M7996,"상세불명의 연조직장애, 아래다리",M79,연조직장애,false
M7997,"상세불명의 연조직장애, 발목 및 발",M79,연조직장애,false
M7998,"상세불명의 연조직장애, 기타 부분",M79,연조직장애,false
M7999,"상세불명의 연조직장애, 상세불명 부분",M79,연조직장애,false
M819,상세불명의 골다공증,M819,상세불명의 골다공증,true
M8190,"상세불명의 골다공증, 여러 부위",M819,상세불명의 골다공증,false
M8191,"상세불명의 골다공증, 어깨부분",M819,상세불명의 골다공증,false
M8192,"상세불명의 골다공증, 위팔",M819,상세불명의 골다공증,false
M8193,"상세불명의 골다공증, 아래팔",M819,상세불명의 골다공증,false
M8194,"상세불명의 골다공증, 손",M819,상세불명의 골다공증,false
M8195,"상세불명의 골다공증, 골반 부분 및 대퇴",M819,상세불명의 골다공증,false
M8196,"상세불명의 골다공증, 아래다리",M819,상세불명의 골다공증,false
M8197,"상세불명의 골다공증, 발목 및 발",M819,상세불명의 골다공증,false
M8198,"상세불명의 골다공증, 기타 부분",M819,상세불명의 골다공증,false
M8199,"상세불명의 골다공증, 상세불명 부분",M819,상세불명의 골다공증,false
M86,골수염,M86,골수염,true
M860,급성 혈행성 골수염,M86,골수염,false
M8600,"급성 혈행성 골수염, 여러 부위",M86,골수염,false
M8601,"급성 혈행성 골수염, 어깨부분",M86,골수염,false
M8602,"급성 혈행성 골수염, 위팔",M86,골수염,false
M8603,"급성 혈행성 골수염, 아래팔",M86,골수염,false
M8604,"급성 혈행성 골수염, 손",M86,골수염,false
M8605,"급성 혈행성 골수염, 골반 부분 및 대퇴",M86,골수염,false
M8606,"급성 혈행성 골수염, 아래다리",M86,골수염,false
M8607,"급성 혈행성 골수염, 발목 및 발",M86,골수염,false
M8608,"급성 혈행성 골수염, 기타 부분",M86,골수염,false
M8609,"급성 혈행성 골수염, 상세불명 부분",M86,골수염,false
M861,기타 급성 골수염,M86,골수염,false
M8610,"기타 급성 골수염, 여러 부위",M86,골수염,false
M8611,"기타 급성 골수염, 어깨부분",M86,골수염,false
M8612,"기타 급성 골수염, 위팔",M86,골수염,false
M8613,"기타 급성 골수염, 아래팔",M86,골수염,false
M8614,"기타 급성 골수염, 손",M86,골수염,false
M8615,"기타 급성 골수염, 골반 부분 및 대퇴",M86,골수염,false
M8616,"기타 급성 골수염, 아래다리",M86,골수염,false
M8617,"기타 급성 골수염, 발목 및 발",M86,골수염,false
M8618,"기타 급성 골수염, 기타 부분",M86,골수염,false
M8619,"기타 급성 골수염, 상세불명 부분",M86,골수염,false
M862,아급성 골수염,M86,골수염,false
M8620,"아급성 골수염, 여러 부위",M86,골수염,false
M8621,"아급성 골수염, 어깨부분",M86,골수염,false
M8622,"아급성 골수염, 위팔",M86,골수염,false
M8623,"아급성 골수염, 아래팔",M86,골수염,false
M8624,"아급성 골수염, 손",M86,골수염,false
M8625,"아급성 골수염, 골반 부분 및 대퇴",M86,골수염,false
M8626,"아급성 골수염, 아래다리",M86,골수염,false
M8627,"아급성 골수염, 발목 및 발",M86,골수염,false
M8628,"아급성 골수염, 기타 부분",M86,골수염,false
M8629,"아급성 골수염, 상세불명 부분",M86,골수염,false
M863,만성 다초점 골수염,M86,골수염,false
M8630,"만성 다초점 골수염, 여러 부위",M86,골수염,false
M8631,"만성 다초점 골수염, 어깨부분",M86,골수염,false
M8632,"만성 다초점 골수염, 위팔",M86,골수염,false
M8633,"만성 다초점 골수염, 아래팔",M86,골수염,false
M8634,"만성 다초점 골수염, 손",M86,골수염,false
M8635,"만성 다초점 골수염, 골반 부분 및 대퇴",M86,골수염,false
M8636,"만성 다초점 골수염, 아래다리",M86,골수염,false
M8637,"만성 다초점 골수염, 발목 및 발",M86,골수염,false
M8638,"만성 다초점 골수염, 기타 부분",M86,골수염,false
M8639,"만성 다초점 골수염, 상세불명 부분",M86,골수염,false
M864,배농관을 동반한 만성 골수염,M86,골수염,false
M8640,"배농관을 동반한 만성 골수염, 여러 부위",M86,골수염,false
M8641,"배농관을 동반한 만성 골수염, 어깨부분",M86,골수염,false
M8642,"배농관을 동반한 만성 골수염, 위팔",M86,골수염,false
M8643,"배농관을 동반한 만성 골수염, 아래팔",M86,골수염,false
M8644,"배농관을 동반한 만성 골수염, 손",M86,골수염,false
M8645,"배농관을 동반한 만성 골수염, 골반 부분 및 대퇴",M86,골수염,false
M8646,"배농관을 동반한 만성 골수염, 아래다리",M86,골수염,false
M8647,"배농관을 동반한 만성 골수염, 발목 및 발",M86,골수염,false
M8648,"배농관을 동반한 만성 골수염, 기타 부분",M86,골수염,false
M8649,"배농관을 동반한 만성 골수염, 상세불명 부분",M86,골수염,false
M865,기타 만성 혈행성 골수염,M86,골수염,false
M8650,"기타 만성 혈행성 골수염, 여러 부위",M86,골수염,false
M8651,"기타 만성 혈행성 골수염, 어깨부분",M86,골수염,false
M8652,"기타 만성 혈행성 골수염, 위팔",M86,골수염,false
M8653,"기타 만성 혈행성 골수염, 아래팔",M86,골수염,false
M8654,"기타 만성 혈행성 골수염, 손",M86,골수염,false
M8655,"기타 만성 혈행성 골수염, 골반 부분 및 대퇴",M86,골수염,false
M8656,"기타 만성 혈행성 골수염, 아래다리",M86,골수염,false
M8657,"기타 만성 혈행성 골수염, 발목 및 발",M86,골수염,false
M8658,"기타 만성 혈행성 골수염, 기타 부분",M86,골수염,false
M8659,"기타 만성 혈행성 골수염, 상세불명 부분",M86,골수염,false
M866,기타 만성 골수염,M86,골수염,false
M8660,"기타 만성 골수염, 여러 부위",M86,골수염,false
M8661,"기타 만성 골수염, 어깨부분",M86,골수염,false
M8662,"기타 만성 골수염, 위팔",M86,골수염,false
M8663,"기타 만성 골수염, 아래팔",M86,골수염,false
M8664,"기타 만성 골수염, 손",M86,골수염,false
M8665,"기타 만성 골수염, 골반 부분 및 대퇴",M86,골수염,false
M8666,"기타 만성 골수염, 아래다리",M86,골수염,false
M8667,"기타 만성 골수염, 발목 및 발",M86,골수염,false
M8668,"기타 만성 골수염, 기타 부분",M86,골수염,false
M8669,"기타 만성 골수염, 상세불명 부분",M86,골수염,false
M868,기타 골수염,M86,골수염,false
M8680,"기타 골수염, 여러 부위",M86,골수염,false
M8681,"기타 골수염, 어깨부분",M86,골수염,false
M8682,"기타 골수염, 위팔",M86,골수염,false
M8683,"기타 골수염, 아래팔",M86,골수염,false
M8684,"기타 골수염, 손",M86,골수염,false
M8685,"기타 골수염, 골반 부분 및 대퇴",M86,골수염,false
M8686,"기타 골수염, 아래다리",M86,골수염,false
M8687,"기타 골수염, 발목 및 발",M86,골수염,false
M8688,"기타 골수염, 기타 부분",M86,골수염,false
M8689,"기타 골수염, 상세불명 부분",M86,골수염,false
M869,상세불명의 골수염,M86,골수염,false
M8690,"상세불명의 골수염, 여러 부위",M86,골수염,false
M8691,"상세불명의 골수염, 어깨부분",M86,골수염,false
M8692,"상세불명의 골수염, 위팔",M86,골수염,false
M8693,"상세불명의 골수염, 아래팔",M86,골수염,false
M8694,"상세불명의 골수염, 손",M86,골수염,false
M8695,"상세불명의 골수염, 골반 부분 및 대퇴",M86,골수염,false
M8696,"상세불명의 골수염, 아래다리",M86,골수염,false
M8697,"상세불명의 골수염, 발목 및 발",M86,골수염,false
M8698,"상세불명의 골수염, 기타 부분",M86,골수염,false
M8699,"상세불명의 골수염, 상세불명 부분",M86,골수염,false
M892,골발달 및 성장의 기타 장애,M892,발달,true
M8920,"골발달 및 성장의 기타 장애, 여러 부위",M892,발달,false
M8921,"골발달 및 성장의 기타 장애, 어깨부분",M892,발달,false
M8922,"골발달 및 성장의 기타 장애, 위팔",M892,발달,false
M8923,"골발달 및 성장의 기타 장애, 아래팔",M892,발달,false
M8924,"골발달 및 성장의 기타 장애, 손",M892,발달,false
M8925,"골발달 및 성장의 기타 장애, 골반 부분 및 대퇴",M892,발달,false
M8926,"골발달 및 성장의 기타 장애, 아래다리",M892,발달,false
M8927,"골발달 및 성장의 기타 장애, 발목 및 발",M892,발달,false
M8928,"골발달 및 성장의 기타 장애, 기타 부분",M892,발달,false
M8929,"골발달 및 성장의 기타 장애, 상세불명 부분",M892,발달,false
N00,급성 신염증후군,N00,사구체질환,true
N000,소사구체이상을 동반한 급성 신염증후군,N00,사구체질환,false
N001,초점성 및 분절성 사구체병변을 동반한 급성 신염증후군,N00,사구체질환,false
N002,미만성 막성 사구체신염을 동반한 급성 신염증후군,N00,사구체질환,false
N003,미만성 메산지음 증식성 사구체신염을 동반한 급성 신염증후군,N00,사구체질환,false
N004,미만성 모세혈관내 증식성 사구체신염을 동반한 급성 신염증후군,N00,사구체질환,false
N005,미만성 메산지음 모세혈관성 사구체신염을 동반한 급성 신염증후군,N00,사구체질환,false
N006,고밀도침착병을 동반한 급성 신염증후군,N00,사구체질환,false
N007,미만성 반월형 사구체신염을 동반한 급성 신염증후군,N00,사구체질환,false
N008,기타 급성 신염증후군,N00,사구체질환,false
N009,상세불명의 급성 신염증후군,N00,사구체질환,false
N083,당뇨병에서의 사구체장애(4단위 .2-에 해당되는 E10-E14†),E14,당뇨병,false
N1379,방광요관역류-연관 상세불명의 요로병증,N1379,방광요관역류,true
N18,만성 신장병,N18,만성신장병,true
N181,만성 신장병(1기),N18,만성신장병,false
N182,만성 신장병(2기),N18,만성신장병,false
N183,만성 신장병(3기),N18,만성신장병,false
N184,만성 신장병(4기),N18,만성신장병,false
N185,만성 신장병(5기),N18,만성신장병,false
N189,상세불명의 만성 신장병,N18,만성신장병,false
N209,상세불명의 신장결석,N209,신장결석,true
N300,급성 방광염,N300,방광염,true
N390,부위가 명시되지 않은 요로감염,N390,부위가 명시되지 않은 요로감염,true
N40,전립선증식증,N40,전립선의 비대,true
N400,합병증을 동반하지 않은 전립선증식증,N40,전립선의 비대,false
N401,요로 폐색을 동반한 전립선증식증,N40,전립선의 비대,false
N402,혈뇨를 동반한 전립선증식증,N40,전립선의 비대,false
N403,요로 폐색 및 혈뇨를 동반한 전립선증식증,N40,전립선의 비대,false
N408,기타 합병증을 동반한 전립선증식증,N40,전립선의 비대,false
N431,감염성 음낭수종,N431,음낭수종,true
N45,고환염 및 부고환염,N45,부고환염,true
N450,"농양을 동반한 고환염, 부고환염 및 부고환-고환염",N45,부고환염,false
N4500,농양을 동반한 부고환염,N45,부고환염,false
N4501,농양을 동반한 고환염,N45,부고환염,false
N4502,농양을 동반한 부고환-고환염,N45,부고환염,false
N459,"농양을 동반하지 않은 고환염, 부고환염 및 부고환-고환염",N45,부고환염,false
N4590,농양을 동반하지 않은 부고환염,N45,부고환염,false
N4591,농양을 동반하지 않은 고환염,N45,부고환염,false
N4592,농양을 동반하지 않은 부고환-고환염,N45,부고환염,false
N484,기질적 원인에 의한 발기부전,N484,기질적 원인에 의한 발기부전,true
N61,유방의 염증성 장애,N61,유방염,true
N62,유방의 비대,N62,여성형유방,true
N644,유방통,N644,유방통,true
N645,유방의 기타 증상 및 징후,N645,유두분비,true
N76,질 및 외음부의 기타 염증,N76,질 및 외음부의 기타 염증,true
N760,급성 질염,N76,질 및 외음부의 기타 염증,false
N761,아급성 및 만성 질염,N76,질 및 외음부의 기타 염증,false
N762,급성 외음염,N76,질 및 외음부의 기타 염증,false
N763,아급성 및 만성 외음염,N76,질 및 외음부의 기타 염증,false
N764,외음의 농양,N76,질 및 외음부의 기타 염증,false
N765,질의 궤양,N76,질 및 외음부의 기타 염증,false
N766,외음의 궤양,N76,질 및 외음부의 기타 염증,false
N768,질 및 외음의 기타 명시된 염증,N76,질 및 외음부의 기타 염증,false
N808,기타 자궁내막증,N808,자궁내막증,true
N912,상세불명의 무월경,N912,무월경,true
O03,자연유산,O03,자연유산,true
O030,생식관 및 골반감염이 합병된 불완전 자연유산 (O08.0의 병태),O03,자연유산,false
O031,지연 또는 심한 출혈이 합병된 불완전 자연유산 (O08.1의 병태),O03,자연유산,false
O032,색전증이 합병된 불완전 자연유산 (O08.2의 병태),O03,자연유산,false
O033,기타 및 상세불명의 합병증이 동반된 불완전 자연유산 (O08.3-O08.9의 병태),O03,자연유산,false
O034,합병증이 없는 불완전 자연유산,O03,자연유산,false
O035,생식관 및 골반감염이 합병된 완전 또는 상세불명의 자연유산 (O08.0의 병태),O03,자연유산,false
O036,지연 또는 심한 출혈이 합병된 완전 또는 상세불명의 자연유산 (O08.1의 병태),O03,자연유산,false
O037,색전증이 합병된 완전 또는 상세불명의 자연유산 (O08.2의 병태),O03,자연유산,false
O038,기타 및 상세불명의 합병증이 동반된 완전 또는 상세불명의 자연유산 (O08.3-O08.9의 병태),O03,자연유산,false
O039,합병증이 없는 완전 또는 상세불명의 자연유산,O03,자연유산,false
O10,"임신, 출산 및 산후기에 합병된 전에 있던 고혈압",I10,고혈압,false
O100,"임신, 출산 및 산후기에 합병된 전에 있던 본태성 고혈압",I10,고혈압,false
O101,"임신, 출산 및 산후기에 합병된 전에 있던 고혈압성 심장병",I10,고혈압,false
O102,"임신, 출산 및 산후기에 합병된 전에 있던 고혈압성 신장병",I10,고혈압,false
O103,"임신, 출산 및 산후기에 합병된 전에 있던 고혈압성 심장 및 신장병",I10,고혈압,false
O104,"임신, 출산 및 산후기에 합병된 전에 있던 이차성 고혈압",I10,고혈압,false
O109,"임신, 출산 및 산후기에 합병된 상세불명의 전에 있던 고혈압",I10,고혈압,false
O11,만성 고혈압에 겹친 전자간,I10,고혈압,false
O12,고혈압을 동반하지 않은 임신성[임신-유발] 부종 및 단백뇨,I10,고혈압,false
O13,임신[임신-유발]고혈압,O13,임신고혈압,true
O16,상세불명의 산모고혈압,I10,고혈압,false
O24,임신중 당뇨병,E14,당뇨병,false
O240,전에 있던 1형 당뇨병,E14,당뇨병,false
O241,전에 있던 2형 당뇨병,E14,당뇨병,false
O242,전에 있던 영양실조-관련 당뇨병,E14,당뇨병,false
O243,상세불명의 전에 있던 당뇨병,E14,당뇨병,false
O244,임신중 생긴 당뇨병,O244,임신당뇨병,true
O249,상세불명의 임신중 당뇨병,E14,당뇨병,false
O308,기타 다태임신,O308,다태임신,true
O341,자궁체부종양에 대한 산모관리,O341,자궁근종,true
O3410,"자궁체부종양에 대한 산모관리, 임신 22주 미만",O341,자궁근종,false
O3411,"자궁체부종양에 대한 산모관리, 임신 22주 이상 ~ 34주 미만",O341,자궁근종,false
O3412,"자궁체부종양에 대한 산모관리, 임신 34주 이상 ~ 37주 미만",O341,자궁근종,false
O3413,"자궁체부종양에 대한 산모관리, 임신 37주 이상 ~ 42주 미만",O341,자궁근종,false
O3414,"자궁체부종양에 대한 산모관리, 임신 42주 이상",O341,자궁근종,false
O3419,"자궁체부종양에 대한 산모관리, 상세불명의 임신기간",O341,자궁근종,false
P000,산모고혈압장애에 의해 영향을 받은 태아 및 신생아,I10,고혈압,false
P043,산모의 음주에 의해 영향을 받은 태아 및 신생아,P043,음주,true
P045,산모의 영양제 복용에 의해 영향을 받은 태아 및 신생아,P045,영양제,true
P0730,28-31주 조산아,P0730,조산,true
P210,중증 출산질식,P210,점,true
P292,신생아고혈압,I10,고혈압,false
P599,상세불명의 신생아황달,P599,신생아황달,true
P700,임신당뇨병을 가진 산모의 영아증후군,E14,당뇨병,false
P701,당뇨병을 가진 산모의 영아증후군,E14,당뇨병,false
P702,신생아당뇨병,E14,당뇨병,false
Q172,소이증(小耳症),Q172,소이증,true
Q35,구개열,Q35,구개열,true
Q351,경구개열,Q35,구개열,false
Q353,연구개열,Q35,구개열,false
Q355,경구개열 및 연구개열,Q35,구개열,false
Q357,구개수열,Q35,구개열,false
Q359,상세불명의 구개열,Q35,구개열,false
Q430,메켈게실,Q430,메켈 게실,true
Q539,상세불명의 미하강고환,Q539,잠복고환,true
Q548,기타 요도하열,Q548,요도하열,true
Q90,다운증후군,Q90,다운증후군,true
Q900,"21삼염색체증, 감수분열비분리",Q90,다운증후군,false
Q901,"21삼염색체증, 섞임증형(유사분열비분리)",Q90,다운증후군,false
Q902,"21삼염색체증, 전위",Q90,다운증후군,false
Q909,상세불명의 다운증후군,Q90,다운증후군,false
R002,두근거림,R002,두근거림,true
R011,상세불명의 심잡음,R011,심잡음,true
R030,고혈압의 진단 없이 혈압수치 상승,I10,고혈압,false
R042,객혈,R042,객혈,true
R05,기침,R05,기침,true
R066,딸꾹질,R066,딸꾹질,true
R10,복부 및 골반 통증,R10,복부 및 골반 통증,true
R100,급성 복증,R10,복부 및 골반 통증,false
R101,상복부에 국한된 통증,R10,복부 및 골반 통증,false
R1010,우상복부통증,R10,복부 및 골반 통증,false
R1011,좌상복부통증,R10,복부 및 골반 통증,false
R1012,명치통증,R10,복부 및 골반 통증,false
R1019,상세불명의 상복부통증,R10,복부 및 골반 통증,false
R102,골반 및 회음부 통증,R10,복부 및 골반 통증,false
R103,기타 하복부에 국한된 통증,R10,복부 및 골반 통증,false
R1030,우하복부통증,R10,복부 및 골반 통증,false
R1031,좌하복부통증,R10,복부 및 골반 통증,false
R1032,배꼽주위통증,R10,복부 및 골반 통증,false
R1039,상세불명의 하복부통증,R10,복부 및 골반 통증,false
R104,기타 및 상세불명의 복통,R10,복부 및 골반 통증,false
R1042,급통증,R10,복부 및 골반 통증,false
R1044,옆구리 통증,R10,복부 및 골반 통증,false
R1049,상세불명의 복통,R1049,복통,true
R15,대변실금,R15,변실금,true
R195,기타 대변이상,R195,대변 이상,true
R196,구취증,R196,구취,true
R31,상세불명의 혈뇨,R31,혈뇨,true
R310,육안적 혈뇨,R31,혈뇨,false
R311,현미경적 혈뇨,R31,혈뇨,false
R318,기타 및 상세불명의 혈뇨,R31,혈뇨,false
R32,상세불명의 요실금,R32,요실금,true
R42,어지럼증 및 어지럼,R42,어지럼증,true
R490,발성장애,R490,목쉼,true
R50,기타 및 원인미상의 열,R50,달리 분류되지 않은 발열,true
R502,약물유발 열,R50,달리 분류되지 않은 발열,false
R508,기타 명시된 열,R50,달리 분류되지 않은 발열,false
R509,상세불명의 열,R50,달리 분류되지 않은 발열,false
R5090,불명열[FUO],R5090,불명열,true
R5099,상세불명의 열,R50,달리 분류되지 않은 발열,false
R51,두통,R51,두통,true
R55,실신 및 허탈,R55,실신,true
R550,혈관미주신경성 실신,R55,실신,false
R558,기타 실신 및 허탈,R55,실신,false
R609,상세불명의 부종,R609,부종,true
R61,다한증,R61,다한증,true
R610,국소다한증,R61,다한증,false
R611,전신다한증,R61,다한증,false
R619,상세불명의 다한증,R61,다한증,false
R628,기대되는 정상적 생리학적 발달의 기타 결여,R628,성장 장애,true
R808,기타 및 상세불명 고립성 단백뇨,R808,단백뇨,true
R81,당뇨,E14,당뇨병,false
R959,부검에 대한 언급이 없는 영아돌연사증후군,R959,영아돌연사증후군,true
S0500,각막찰과상,S0500,각막찰과상,true
T030,"목과 함께 머리를 침범한 탈구, 염좌 및 긴장",T030,염좌,true
T141,상세불명의 신체부위의 열린상처,T141,열상,true
T357,상세불명 부위의 상세불명 동상,T357,동상,true
T383,인슐린 및 경구저혈당[항당뇨병제] 약물에 의한 중독,E14,당뇨병,false
T465,달리 분류되지 않은 기타 항고혈압제에 의한 중독,I10,고혈압,false
T494,"각질용해제, 각질형성제 및 기타 모발치료 약물 및 제제에 의한 중독",T494,발치,true
T782,상세불명의 아나필락시스쇼크,T782,아나필락시스,true
T784,상세불명의 알레르기,T784,알레르기,true
W19,상세불명의 낙상,W19,낙상,true
W190,"상세불명의 낙상, 주택",W19,낙상,false
W191,"상세불명의 낙상, 집단거주시설",W19,낙상,false
W192,"상세불명의 낙상, 학교, 기타 시설 및 공공행정 구역",W19,낙상,false
W193,"상세불명의 낙상, 운동 및 경기장",W19,낙상,false
W194,"상세불명의 낙상, 도로 및 고속도로",W19,낙상,false
W195,"상세불명의 낙상, 상업 및 서비스 구역",W19,낙상,false
W196,"상세불명의 낙상, 산업 및 건설지역",W19,낙상,false
W197,"상세불명의 낙상, 농장",W19,낙상,false
W198,"상세불명의 낙상, 기타 명시된 장소",W19,낙상,false
W199,"상세불명의 낙상, 상세불명 장소",W19,낙상,false
Y423,치료용으로 사용시 유해작용을 나타내는 인슐린 및 경구저혈당[항당뇨병]제,E14,당뇨병,false
Y525,치료용으로 사용시 유해작용을 나타내는 달리 분류되지 않은 기타 항고혈압제,I10,고혈압,false
Z091,기타 병태에 대한 방사선치료후 추적검사,Z091,방사선치료,true
Z131,당뇨병에 대한 특수선별검사,E14,당뇨병,false
Z492,기타 투석을 위하여 보건서비스와 접하고 있는 사람,Z492,복막투석,true
Z513,(보고된 진단명이 없는) 수혈을 위하여 보건서비스와 접하고 있는 사람,Z513,수혈,true
Z573,기타 공기오염물질에 직업적 노출,Z573,공기 오염,true
Z587,담배연기에 노출에 관련된 문제,Z587,간접흡연,true
Z833,당뇨병의 가족력,E14,당뇨병,false
